Variant_ID,ClinVar_ID,Gene,Chromosome,Position,Ref,Alt,Title,Label
CV_4851316,4851316,BRCA2,chr13,32340427,,,NM_000059.4(BRCA2):c.6072G>A (p.Gln2024=),1
CV_4809149,4809149,BRCA2,chr13,32340112,,,NM_000059.4(BRCA2):c.5757G>A (p.Lys1919=),1
CV_4807108,4807108,BRCA2,chr13,32340259,,,NM_000059.4(BRCA2):c.5904A>G (p.Ser1968=),1
CV_4803605,4803605,BRCA2,chr13,32326612,,,NM_000059.4(BRCA2):c.630A>T (p.Ile210=),1
CV_4799246,4799246,BRCA2,chr13,32332777,,,NM_000059.4(BRCA2):c.1299C>T (p.Asn433=),1
CV_4798463,4798463,BRCA1,chr17,43094661,,,NM_007294.4(BRCA1):c.870A>G (p.Leu290=),1
CV_4779225,4779225,BRCA2,chr13,32337439,,,NM_000059.4(BRCA2):c.3084A>G (p.Lys1028=),1
CV_4773106,4773106,BRCA2,chr13,32355179,,,NM_000059.4(BRCA2):c.7326T>C (p.Ser2442=),1
CV_4771668,4771668,BRCA1,chr17,43076604,,,NM_007294.4(BRCA1):c.4368T>C (p.Thr1456=),1
CV_4766044,4766044,BRCA2,chr13,32337754,,,NM_000059.4(BRCA2):c.3399A>G (p.Pro1133=),1
CV_4764372,4764372,BRCA2,chr13,32398663,,,NM_000059.4(BRCA2):c.10150C>A (p.Arg3384=),1
CV_4761863,4761863,BRCA1,chr17,43071036,,,NM_007294.4(BRCA1):c.4878T>C (p.Asn1626=),1
CV_4752792,4752792,BRCA2,chr13,32355224,,,NM_000059.4(BRCA2):c.7371T>C (p.Phe2457=),1
CV_4743556,4743556,BRCA1,chr17,43092681,,,NM_007294.4(BRCA1):c.2850T>A (p.Ser950=),1
CV_4735690,4735690,BRCA2,chr13,32340763,,,NM_000059.4(BRCA2):c.6408A>G (p.Leu2136=),1
CV_4735536,4735536,BRCA2,chr13,32339788,,,NM_000059.4(BRCA2):c.5433G>A (p.Glu1811=),1
CV_4735283,4735283,BRCA1,chr17,43094262,,,NM_007294.4(BRCA1):c.1269T>C (p.Ser423=),1
CV_4734519,4734519,BRCA2,chr13,32333344,,,NM_000059.4(BRCA2):c.1866A>T (p.Ala622=),1
CV_4734319,4734319,BRCA1,chr17,43093167,,,NM_007294.4(BRCA1):c.2364T>A (p.Val788=),1
CV_4733419,4733419,BRCA1,chr17,43104151,,,NM_007294.4(BRCA1):c.412C>T (p.Leu138=),1
CV_4732257,4732257,BRCA2,chr13,32332909,,,NM_000059.4(BRCA2):c.1431T>C (p.His477=),1
CV_4731538,4731538,BRCA1,chr17,43104176,,,NM_007294.4(BRCA1):c.387C>A (p.Gly129=),1
CV_4731454,4731454,BRCA2,chr13,32339932,,,NM_000059.4(BRCA2):c.5577T>A (p.Ile1859=),1
CV_4731423,4731423,BRCA2,chr13,32355278,,,NM_000059.4(BRCA2):c.7425A>G (p.Glu2475=),1
CV_4730757,4730757,BRCA2,chr13,32332900,,,NM_000059.4(BRCA2):c.1422T>G (p.Leu474=),1
CV_4729827,4729827,BRCA2,chr13,32332330,,,NM_000059.4(BRCA2):c.852A>T (p.Gly284=),1
CV_4728860,4728860,BRCA2,chr13,32354864,,,NM_000059.4(BRCA2):c.7011A>C (p.Thr2337=),1
CV_4727799,4727799,BRCA2,chr13,32379844,,,NM_000059.4(BRCA2):c.9048T>C (p.Ser3016=),1
CV_4727469,4727469,BRCA2,chr13,32339506,,,NM_000059.4(BRCA2):c.5151A>G (p.Glu1717=),1
CV_4725749,4725749,BRCA1,chr17,43071105,,,NM_007294.4(BRCA1):c.4809C>A (p.Pro1603=),1
CV_4725192,4725192,BRCA1,chr17,43094019,,,NM_007294.4(BRCA1):c.1512T>G (p.Arg504=),1
CV_4724898,4724898,BRCA1,chr17,43093884,,,NM_007294.4(BRCA1):c.1647T>G (p.Thr549=),1
CV_4724229,4724229,BRCA1,chr17,43094133,,,NM_007294.4(BRCA1):c.1398G>C (p.Arg466=),1
CV_4723355,4723355,BRCA2,chr13,32332816,,,NM_000059.4(BRCA2):c.1338G>A (p.Leu446=),1
CV_4723350,4723350,BRCA2,chr13,32346834,,,NM_000059.4(BRCA2):c.6945A>C (p.Ile2315=),1
CV_4723057,4723057,BRCA2,chr13,32336824,,,NM_000059.4(BRCA2):c.2469T>A (p.Ala823=),1
CV_4723028,4723028,BRCA2,chr13,32337196,,,NM_000059.4(BRCA2):c.2841G>A (p.Leu947=),1
CV_4722608,4722608,BRCA1,chr17,43092972,,,NM_007294.4(BRCA1):c.2559T>C (p.Asp853=),1
CV_4722461,4722461,BRCA2,chr13,32398680,,,NM_000059.4(BRCA2):c.10167T>A (p.Ser3389=),1
CV_4721870,4721870,BRCA2,chr13,32340604,,,NM_000059.4(BRCA2):c.6249T>C (p.Phe2083=),1
CV_4721837,4721837,BRCA2,chr13,32326264,,,NM_000059.4(BRCA2):c.498T>C (p.His166=),1
CV_4721113,4721113,LOC126862571,chr17,43092087,,,NM_007294.4(BRCA1):c.3444G>A (p.Glu1148=),1
CV_4720753,4720753,BRCA2,chr13,32336719,,,NM_000059.4(BRCA2):c.2364C>A (p.Gly788=),1
CV_4720747,4720747,BRCA1,chr17,43092978,,,NM_007294.4(BRCA1):c.2553A>G (p.Glu851=),1
CV_4720453,4720453,BRCA2,chr13,32398500,,,NM_000059.4(BRCA2):c.9987T>C (p.Asn3329=),1
CV_4720235,4720235,BRCA1,chr17,43071180,,,NM_007294.4(BRCA1):c.4734T>C (p.Asp1578=),1
CV_4719975,4719975,BRCA2,chr13,32357792,,,NM_000059.4(BRCA2):c.7668T>C (p.Asn2556=),1
CV_4718483,4718483,BRCA2,chr13,32332948,,,NM_000059.4(BRCA2):c.1470A>T (p.Gly490=),1
CV_4718375,4718375,BRCA2,chr13,32336908,,,NM_000059.4(BRCA2):c.2553C>T (p.Phe851=),1
CV_4718284,4718284,BRCA2,chr13,32339665,,,NM_000059.4(BRCA2):c.5310T>A (p.Ser1770=),1
CV_4717972,4717972,BRCA2,chr13,32331023,,,NM_000059.4(BRCA2):c.786A>C (p.Ala262=),1
CV_4717575,4717575,BRCA2,chr13,32337406,,,NM_000059.4(BRCA2):c.3051C>A (p.Ile1017=),1
CV_4717407,4717407,BRCA1,chr17,43095871,,,NM_007294.4(BRCA1):c.645A>G (p.Glu215=),1
CV_4716391,4716391,BRCA1,chr17,43099839,,,NM_007294.4(BRCA1):c.483T>A (p.Thr161=),1
CV_4716387,4716387,BRCA2,chr13,32332981,,,NM_000059.4(BRCA2):c.1503C>A (p.Ile501=),1
CV_4716166,4716166,BRCA1,chr17,43093350,,,NM_007294.4(BRCA1):c.2181A>G (p.Pro727=),1
CV_4715278,4715278,BRCA2,chr13,32338642,,,NM_000059.4(BRCA2):c.4287G>A (p.Gln1429=),1
CV_4714581,4714581,BRCA1,chr17,43094133,,,NM_007294.4(BRCA1):c.1398G>T (p.Arg466=),1
CV_4714568,4714568,BRCA1,chr17,43093707,,,NM_007294.4(BRCA1):c.1824G>A (p.Lys608=),1
CV_4713998,4713998,BRCA2,chr13,32398293,,,NM_000059.4(BRCA2):c.9780T>C (p.Asp3260=),1
CV_4713340,4713340,BRCA2,chr13,32340220,,,NM_000059.4(BRCA2):c.5865A>C (p.Ser1955=),1
CV_4713170,4713170,BRCA2,chr13,32398549,,,NM_000059.4(BRCA2):c.10036T>C (p.Leu3346=),1
CV_4712620,4712620,LOC126862571,chr17,43092030,,,NM_007294.4(BRCA1):c.3501A>G (p.Glu1167=),1
CV_4708017,4708017,BRCA2,chr13,32337733,,,NM_000059.4(BRCA2):c.3378A>G (p.Glu1126=),1
CV_4707622,4707622,BRCA2,chr13,32339875,,,NM_000059.4(BRCA2):c.5520G>T (p.Gly1840=),1
CV_4700203,4700203,BRCA2,chr13,32339596,,,NM_000059.4(BRCA2):c.5241C>T (p.Asn1747=),1
CV_4625505,4625505,BRCA1,chr17,43094151,,,NM_007294.4(BRCA1):c.1380A>C (p.Ile460=),1
CV_4625299,4625299,BRCA1,chr17,43093917,,,NM_007294.4(BRCA1):c.1614A>G (p.Gln538=),1
CV_4540585,4540585,PAH,chr12,102912875,,,NM_000277.3(PAH):c.84C>T (p.Asn28=),1
CV_4294405,4294405,BRCA1,chr17,43079395,,,NM_007294.4(BRCA1):c.4358-2781G>A,1
CV_4282065,4282065,MAPT,chr17,45974449,,,NM_001377265.1(MAPT):c.220+2504G>A,1
CV_4215943,4215943,BRCA2,chr13,32398333,,,NM_000059.4(BRCA2):c.9820T>C (p.Leu3274=),1
CV_4215918,4215918,BRCA2,chr13,32336686,,,NM_000059.4(BRCA2):c.2331T>C (p.Asp777=),1
CV_4215685,4215685,BRCA2,chr13,32379895,,,NM_000059.4(BRCA2):c.9099T>A (p.Thr3033=),1
CV_4215539,4215539,BRCA2,chr13,32370464,,,NM_000059.4(BRCA2):c.8394T>C (p.Pro2798=),1
CV_4215474,4215474,BRCA2,chr13,32363410,,,NM_000059.4(BRCA2):c.8208C>G (p.Leu2736=),1
CV_4215358,4215358,BRCA2,chr13,32362527,,,NM_000059.4(BRCA2):c.7810C>T (p.Leu2604=),1
CV_4215246,4215246,BRCA2,chr13,32371001,,,NM_000059.4(BRCA2):c.8533A>C (p.Arg2845=),1
CV_4215245,4215245,BRCA2,chr13,32394891,,,NM_000059.4(BRCA2):c.9459C>T (p.Gly3153=),1
CV_4215193,4215193,BRCA2,chr13,32371048,,,NM_000059.4(BRCA2):c.8580G>A (p.Lys2860=),1
CV_4215085,4215085,BRCA1,chr17,43092378,,,NM_007294.4(BRCA1):c.3153T>A (p.Thr1051=),1
CV_3900119,3900119,BRCA2,chr13,32326522,,,NM_000059.4(BRCA2):c.540T>A (p.Ile180=),1
CV_3895877,3895877,BRCA2,chr13,32339062,,,NM_000059.4(BRCA2):c.4707C>T (p.Tyr1569=),1
CV_3893005,3893005,BRCA1,chr17,43093098,,,NM_007294.4(BRCA1):c.2433C>G (p.Pro811=),1
CV_3825344,3825344,BRCA2,chr13,32326243,,,NM_000059.4(BRCA2):c.477G>A (p.Val159=),1
CV_3779425,3779425,BRCA2,chr13,32340376,,,NM_000059.4(BRCA2):c.6021C>T (p.Thr2007=),1
CV_3779421,3779421,BRCA2,chr13,32337826,,,NM_000059.4(BRCA2):c.3471G>A (p.Glu1157=),1
CV_3779419,3779419,BRCA2,chr13,32332480,,,NM_000059.4(BRCA2):c.1002T>C (p.His334=),1
CV_3779406,3779406,BRCA1,chr17,43092927,,,NM_007294.4(BRCA1):c.2604A>T (p.Ser868=),1
CV_3730280,3730280,BRCA2,chr13,32340661,,,NM_000059.4(BRCA2):c.6306A>T (p.Val2102=),1
CV_3729697,3729697,BRCA1,chr17,43082525,,,NM_007294.4(BRCA1):c.4236T>C (p.Ala1412=),1
CV_3728085,3728085,BRCA1,chr17,43095856,,,NM_007294.4(BRCA1):c.660T>A (p.Ser220=),1
CV_3727941,3727941,BRCA2,chr13,32340091,,,NM_000059.4(BRCA2):c.5736A>G (p.Glu1912=),1
CV_3727642,3727642,BRCA2,chr13,32394915,,,NM_000059.4(BRCA2):c.9483A>G (p.Lys3161=),1
CV_3727565,3727565,BRCA1,chr17,43104125,,,NM_007294.4(BRCA1):c.438C>G (p.Ser146=),1
CV_3727441,3727441,LOC126862571,chr17,43091778,,,NM_007294.4(BRCA1):c.3753T>C (p.Cys1251=),1
CV_3727286,3727286,BRCA2,chr13,32338054,,,NM_000059.4(BRCA2):c.3699T>A (p.Ala1233=),1
CV_3725760,3725760,BRCA1,chr17,43092822,,,NM_007294.4(BRCA1):c.2709T>C (p.Cys903=),1
CV_3725456,3725456,BRCA2,chr13,32338927,,,NM_000059.4(BRCA2):c.4572T>C (p.Phe1524=),1
CV_3724849,3724849,BRCA1,chr17,43091001,,,NM_007294.4(BRCA1):c.4128A>C (p.Thr1376=),1
CV_3722828,3722828,BRCA2,chr13,32357783,,,NM_000059.4(BRCA2):c.7659C>T (p.Asn2553=),1
CV_3722502,3722502,BRCA2,chr13,32338747,,,NM_000059.4(BRCA2):c.4392T>C (p.Ser1464=),1
CV_3722500,3722500,BRCA2,chr13,32398677,,,NM_000059.4(BRCA2):c.10164A>C (p.Thr3388=),1
CV_3721991,3721991,BRCA2,chr13,32330957,,,NM_000059.4(BRCA2):c.720G>A (p.Leu240=),1
CV_3721973,3721973,BRCA2,chr13,32394927,,,NM_000059.4(BRCA2):c.9495T>C (p.Thr3165=),1
CV_3721435,3721435,BRCA2,chr13,32332853,,,NM_000059.4(BRCA2):c.1375T>C (p.Leu459=),1
CV_3717028,3717028,BRCA1,chr17,43099851,,,NM_007294.4(BRCA1):c.471T>C (p.Ser157=),1
CV_3709110,3709110,BRCA2,chr13,32354981,,,NM_000059.4(BRCA2):c.7128A>G (p.Ala2376=),1
CV_3704559,3704559,BRCA2,chr13,32370470,,,NM_000059.4(BRCA2):c.8400T>A (p.Pro2800=),1
CV_3704321,3704321,BRCA1,chr17,43092732,,,NM_007294.4(BRCA1):c.2799T>C (p.Gly933=),1
CV_3701507,3701507,BRCA2,chr13,32338369,,,NM_000059.4(BRCA2):c.4014C>G (p.Gly1338=),1
CV_3699297,3699297,BRCA2,chr13,32319079,,,NM_000059.4(BRCA2):c.70T>C (p.Leu24=),1
CV_3698225,3698225,BRCA1,chr17,43094367,,,NM_007294.4(BRCA1):c.1164A>G (p.Arg388=),1
CV_3696400,3696400,BRCA1,chr17,43071075,,,NM_007294.4(BRCA1):c.4839T>C (p.Ser1613=),1
CV_3696322,3696322,BRCA1,chr17,43091913,,,NM_007294.4(BRCA1):c.3618C>T (p.Ala1206=),1
CV_3692813,3692813,BRCA1,chr17,43092075,,,NM_007294.4(BRCA1):c.3456C>T (p.Asp1152=),1
CV_3690037,3690037,CFTR,chr7,117509142,,,NM_000492.4(CFTR):c.273G>A (p.Gly91=),1
CV_3689930,3689930,BRCA1,chr17,43099785,,,NM_007294.4(BRCA1):c.537C>T (p.Tyr179=),1
CV_3686787,3686787,LOC126862571,chr17,43091496,,,NM_007294.4(BRCA1):c.4035A>G (p.Glu1345=),1
CV_3684486,3684486,BRCA1,chr17,43091438,,,NM_007294.4(BRCA1):c.4093T>C (p.Leu1365=),1
CV_3683567,3683567,BRCA1,chr17,43082522,,,NM_007294.4(BRCA1):c.4239A>G (p.Glu1413=),1
CV_3679756,3679756,BRCA2,chr13,32332801,,,NM_000059.4(BRCA2):c.1323T>G (p.Thr441=),1
CV_3676718,3676718,BRCA2,chr13,32340574,,,NM_000059.4(BRCA2):c.6219A>G (p.Leu2073=),1
CV_3675236,3675236,BRCA2,chr13,32336533,,,NM_000059.4(BRCA2):c.2178T>G (p.Val726=),1
CV_3674484,3674484,BRCA2,chr13,32394690,,,NM_000059.4(BRCA2):c.9258A>G (p.Gly3086=),1
CV_3671298,3671298,BRCA2,chr13,32379481,,,NM_000059.4(BRCA2):c.8919T>C (p.Arg2973=),1
CV_3670204,3670204,BRCA1,chr17,43104131,,,NM_007294.4(BRCA1):c.432T>C (p.Asn144=),1
CV_3669829,3669829,BRCA2,chr13,32356456,,,NM_000059.4(BRCA2):c.7464A>G (p.Arg2488=),1
CV_3668357,3668357,BRCA2,chr13,32333026,,,NM_000059.4(BRCA2):c.1548C>T (p.Phe516=),1
CV_3667820,3667820,BRCA1,chr17,43095853,,,NM_007294.4(BRCA1):c.663A>C (p.Ala221=),1
CV_3666365,3666365,BRCA2,chr13,32379835,,,NM_000059.4(BRCA2):c.9039T>C (p.Thr3013=),1
CV_3665301,3665301,BRCA1,chr17,43093143,,,NM_007294.4(BRCA1):c.2388A>G (p.Thr796=),1
CV_3663779,3663779,BRCA2,chr13,32326110,,,NM_000059.4(BRCA2):c.435T>C (p.Val145=),1
CV_3663687,3663687,LOC126862571,chr17,43091562,,,NM_007294.4(BRCA1):c.3969A>G (p.Gln1323=),1
CV_3662640,3662640,BRCA1,chr17,43095922,,,NM_007294.4(BRCA1):c.594T>C (p.Ser198=),1
CV_3662414,3662414,BRCA1,chr17,43093080,,,NM_007294.4(BRCA1):c.2451T>C (p.Gly817=),1
CV_3661314,3661314,BRCA2,chr13,32339146,,,NM_000059.4(BRCA2):c.4791T>G (p.Ser1597=),1
CV_3660933,3660933,BRCA1,chr17,43104149,,,NM_007294.4(BRCA1):c.414A>C (p.Leu138=),1
CV_3660924,3660924,BRCA2,chr13,32376782,,,NM_000059.4(BRCA2):c.8745T>C (p.Ala2915=),1
CV_3660569,3660569,BRCA1,chr17,43104239,,,NM_007294.4(BRCA1):c.324A>G (p.Ala108=),1
CV_3660565,3660565,BRCA2,chr13,32336974,,,NM_000059.4(BRCA2):c.2619A>T (p.Ile873=),1
CV_3660292,3660292,BRCA2,chr13,32336266,,,NM_000059.4(BRCA2):c.1911T>A (p.Gly637=),1
CV_3659866,3659866,BRCA1,chr17,43104257,,,NM_007294.4(BRCA1):c.306A>G (p.Ala102=),1
CV_3659862,3659862,BRCA1,chr17,43071063,,,NM_007294.4(BRCA1):c.4851T>A (p.Ala1617=),1
CV_3659588,3659588,BRCA2,chr13,32339524,,,NM_000059.4(BRCA2):c.5169T>G (p.Thr1723=),1
CV_3659065,3659065,BRCA2,chr13,32336608,,,NM_000059.4(BRCA2):c.2253T>A (p.Thr751=),1
CV_3658262,3658262,BRCA1,chr17,43099812,,,NM_007294.4(BRCA1):c.510G>A (p.Arg170=),1
CV_3658244,3658244,BRCA2,chr13,32341039,,,NM_000059.4(BRCA2):c.6684A>G (p.Val2228=),1
CV_3657919,3657919,BRCA2,chr13,32325140,,,NM_000059.4(BRCA2):c.381A>T (p.Ala127=),1
CV_3657747,3657747,BRCA2,chr13,32376701,,,NM_000059.4(BRCA2):c.8664T>G (p.Arg2888=),1
CV_3657594,3657594,BRCA1,chr17,43074404,,,NM_007294.4(BRCA1):c.4602G>A (p.Val1534=),1
CV_3657538,3657538,BRCA2,chr13,32337634,,,NM_000059.4(BRCA2):c.3279C>G (p.Ser1093=),1
CV_3657021,3657021,BRCA2,chr13,32394732,,,NM_000059.4(BRCA2):c.9300A>G (p.Leu3100=),1
CV_3657018,3657018,BRCA2,chr13,32397029,,,NM_000059.4(BRCA2):c.9633A>T (p.Thr3211=),1
CV_3656216,3656216,BRCA1,chr17,43093977,,,NM_007294.4(BRCA1):c.1554C>T (p.Ile518=),1
CV_3656076,3656076,BRCA2,chr13,32340199,,,NM_000059.4(BRCA2):c.5844T>C (p.Cys1948=),1
CV_3655851,3655851,BRCA2,chr13,32338105,,,NM_000059.4(BRCA2):c.3750A>G (p.Glu1250=),1
CV_3655752,3655752,BRCA2,chr13,32337199,,,NM_000059.4(BRCA2):c.2844T>G (p.Val948=),1
CV_3655009,3655009,BRCA2,chr13,32338660,,,NM_000059.4(BRCA2):c.4305T>C (p.Asn1435=),1
CV_3654745,3654745,BRCA2,chr13,32356432,,,NM_000059.4(BRCA2):c.7440A>G (p.Leu2480=),1
CV_3653846,3653846,BRCA2,chr13,32394873,,,NM_000059.4(BRCA2):c.9441T>C (p.Ser3147=),1
CV_3653440,3653440,BRCA1,chr17,43093590,,,NM_007294.4(BRCA1):c.1941T>C (p.Ser647=),1
CV_3652471,3652471,BRCA2,chr13,32333068,,,NM_000059.4(BRCA2):c.1590A>G (p.Lys530=),1
CV_3652309,3652309,BRCA2,chr13,32363410,,,NM_000059.4(BRCA2):c.8208C>T (p.Leu2736=),1
CV_3651995,3651995,BRCA2,chr13,32332801,,,NM_000059.4(BRCA2):c.1323T>C (p.Thr441=),1
CV_3651789,3651789,BRCA2,chr13,32330930,,,NM_000059.4(BRCA2):c.693C>T (p.Ser231=),1
CV_3651422,3651422,BRCA2,chr13,32357906,,,NM_000059.4(BRCA2):c.7782G>A (p.Lys2594=),1
CV_3650790,3650790,BRCA2,chr13,32336288,,,NM_000059.4(BRCA2):c.1933A>C (p.Arg645=),1
CV_3650235,3650235,BRCA2,chr13,32336362,,,NM_000059.4(BRCA2):c.2007A>G (p.Lys669=),1
CV_3650171,3650171,LOC126862571,chr17,43092183,,,NM_007294.4(BRCA1):c.3348A>C (p.Val1116=),1
CV_3649893,3649893,BRCA1,chr17,43092582,,,NM_007294.4(BRCA1):c.2949T>C (p.Leu983=),1
CV_3649058,3649058,BRCA2,chr13,32344604,,,NM_000059.4(BRCA2):c.6888A>T (p.Ile2296=),1
CV_3648963,3648963,BRCA2,chr13,32398653,,,NM_000059.4(BRCA2):c.10140C>G (p.Leu3380=),1
CV_3647772,3647772,BRCA2,chr13,32338294,,,NM_000059.4(BRCA2):c.3939C>T (p.Tyr1313=),1
CV_3647114,3647114,BRCA2,chr13,32370482,,,NM_000059.4(BRCA2):c.8412C>G (p.Pro2804=),1
CV_3646898,3646898,BRCA2,chr13,32363488,,,NM_000059.4(BRCA2):c.8286T>C (p.Pro2762=),1
CV_3646094,3646094,BRCA2,chr13,32337823,,,NM_000059.4(BRCA2):c.3468T>A (p.Ser1156=),1
CV_3645735,3645735,BRCA2,chr13,32371003,,,NM_000059.4(BRCA2):c.8535A>G (p.Arg2845=),1
CV_3644696,3644696,BRCA1,chr17,43093488,,,NM_007294.4(BRCA1):c.2043T>C (p.Ser681=),1
CV_3643183,3643183,BRCA2,chr13,32376704,,,NM_000059.4(BRCA2):c.8667A>C (p.Ala2889=),1
CV_3643048,3643048,BRCA2,chr13,32340754,,,NM_000059.4(BRCA2):c.6399A>C (p.Ser2133=),1
CV_3641342,3641342,BRCA1,chr17,43076541,,,NM_007294.4(BRCA1):c.4431T>C (p.Phe1477=),1
CV_3640564,3640564,BRCA2,chr13,32337352,,,NM_000059.4(BRCA2):c.2997A>C (p.Pro999=),1
CV_3640119,3640119,BRCA2,chr13,32355170,,,NM_000059.4(BRCA2):c.7317A>C (p.Gly2439=),1
CV_3639863,3639863,BRCA1,chr17,43091007,,,NM_007294.4(BRCA1):c.4122T>C (p.Ser1374=),1
CV_3639826,3639826,BRCA2,chr13,32363392,,,NM_000059.4(BRCA2):c.8190C>A (p.Ala2730=),1
CV_3639404,3639404,BRCA2,chr13,32339266,,,NM_000059.4(BRCA2):c.4911T>C (p.Val1637=),1
CV_3638976,3638976,BRCA1,chr17,43093269,,,NM_007294.4(BRCA1):c.2262A>G (p.Gly754=),1
CV_3638333,3638333,BRCA2,chr13,32380102,,,NM_000059.4(BRCA2):c.9213G>A (p.Glu3071=),1
CV_3632290,3632290,BRCA1,chr17,43092747,,,NM_007294.4(BRCA1):c.2784C>T (p.Gly928=),1
CV_3630877,3630877,BRCA1,chr17,43093176,,,NM_007294.4(BRCA1):c.2355A>G (p.Leu785=),1
CV_3628476,3628476,BRCA2,chr13,32325116,,,NM_000059.4(BRCA2):c.357A>G (p.Thr119=),1
CV_3620977,3620977,BRCA2,chr13,32363248,,,NM_000059.4(BRCA2):c.8046T>C (p.Ala2682=),1
CV_3617841,3617841,BRCA2,chr13,32398176,,,NM_000059.4(BRCA2):c.9663T>C (p.Asn3221=),1
CV_3615543,3615543,LOC126862571,chr17,43092252,,,NM_007294.4(BRCA1):c.3279C>T (p.Val1093=),1
CV_3614901,3614901,BRCA2,chr13,32355134,,,NM_000059.4(BRCA2):c.7281C>T (p.Asn2427=),1
CV_3612202,3612202,BRCA2,chr13,32340586,,,NM_000059.4(BRCA2):c.6231G>A (p.Lys2077=),1
CV_3611523,3611523,BRCA2,chr13,32336489,,,NM_000059.4(BRCA2):c.2134C>T (p.Leu712=),1
CV_3572371,3572371,BRCA2,chr13,32371042,,,NM_000059.4(BRCA2):c.8574A>G (p.Gln2858=),1
CV_3572351,3572351,BRCA2,chr13,32338009,,,NM_000059.4(BRCA2):c.3654C>G (p.Gly1218=),1
CV_3482209,3482209,BRCA2,chr13,32332762,,,NM_000059.4(BRCA2):c.1284A>T (p.Leu428=),1
CV_3482014,3482014,BRCA2,chr13,32326143,,,NM_000059.4(BRCA2):c.468T>C (p.Asp156=),1
CV_3482011,3482011,BRCA2,chr13,32316502,,,NM_000059.4(BRCA2):c.42T>C (p.Ile14=),1
CV_3481932,3481932,BRCA2,chr13,32340328,,,NM_000059.4(BRCA2):c.5973T>C (p.Ala1991=),1
CV_3481853,3481853,BRCA1,chr17,43091922,,,NM_007294.4(BRCA1):c.3609A>C (p.Arg1203=),1
CV_3361704,3361704,BRCA1,chr17,43093182,,,NM_007294.4(BRCA1):c.2349C>T (p.Ile783=),1
CV_3338724,3338724,BRCA1,chr17,43094634,,,NM_007294.4(BRCA1):c.897A>T (p.Val299=),1
CV_3336634,3336634,CFTR,chr7,117559469,,,NM_000492.4(CFTR):c.1398A>T (p.Ser466=),1
CV_3261624,3261624,BRCA2,chr13,32357742,,,NM_000059.4(BRCA2):c.7618C>T (p.Leu2540=),1
CV_3261579,3261579,BRCA2,chr13,32398590,,,NM_000059.4(BRCA2):c.10077A>G (p.Glu3359=),1
CV_3261463,3261463,BRCA1,chr17,43092945,,,NM_007294.4(BRCA1):c.2586G>A (p.Lys862=),1
CV_3261458,3261458,BRCA1,chr17,43091454,,,NM_007294.4(BRCA1):c.4077A>G (p.Gln1359=),1
CV_3226332,3226332,BRCA2,chr13,32338039,,,NM_000059.4(BRCA2):c.3684T>C (p.Asn1228=),1
CV_3226159,3226159,BRCA1,chr17,43074440,,,NM_007294.4(BRCA1):c.4566C>T (p.Tyr1522=),1
CV_3225543,3225543,BRCA2,chr13,32333332,,,NM_000059.4(BRCA2):c.1854C>G (p.Ala618=),1
CV_3075634,3075634,BRCA2,chr13,32340733,,,NM_000059.4(BRCA2):c.6378C>T (p.Cys2126=),1
CV_3075631,3075631,BRCA2,chr13,32339947,,,NM_000059.4(BRCA2):c.5592C>T (p.Asp1864=),1
CV_3075627,3075627,BRCA2,chr13,32338699,,,NM_000059.4(BRCA2):c.4344T>C (p.Asn1448=),1
CV_3075623,3075623,BRCA2,chr13,32338081,,,NM_000059.4(BRCA2):c.3726T>C (p.Ser1242=),1
CV_3075620,3075620,BRCA2,chr13,32336354,,,NM_000059.4(BRCA2):c.1999C>T (p.Leu667=),1
CV_3074699,3074699,BRCA2,chr13,32340742,,,NM_000059.4(BRCA2):c.6387A>G (p.Glu2129=),1
CV_3074307,3074307,BRCA1,chr17,43091610,,,NM_007294.4(BRCA1):c.3921T>C (p.Thr1307=),1
CV_3074170,3074170,BRCA2,chr13,32332828,,,NM_000059.4(BRCA2):c.1350T>C (p.Ser450=),1
CV_3073799,3073799,BRCA2,chr13,32397032,,,NM_000059.4(BRCA2):c.9636A>G (p.Gly3212=),1
CV_3073714,3073714,BRCA1,chr17,43091571,,,NM_007294.4(BRCA1):c.3960T>G (p.Ser1320=),1
CV_3073635,3073635,BRCA2,chr13,32332546,,,NM_000059.4(BRCA2):c.1068T>G (p.Ser356=),1
CV_3073424,3073424,BRCA2,chr13,32370410,,,NM_000059.4(BRCA2):c.8340T>G (p.Ala2780=),1
CV_3073400,3073400,BRCA1,chr17,43093950,,,NM_007294.4(BRCA1):c.1581G>A (p.Lys527=),1
CV_3072714,3072714,BRCA1,chr17,43091694,,,NM_007294.4(BRCA1):c.3837A>C (p.Ala1279=),1
CV_3072537,3072537,BRCA2,chr13,32338558,,,NM_000059.4(BRCA2):c.4203T>G (p.Gly1401=),1
CV_3072433,3072433,BRCA1,chr17,43093905,,,NM_007294.4(BRCA1):c.1626T>C (p.Asn542=),1
CV_3071664,3071664,BRCA2,chr13,32331023,,,NM_000059.4(BRCA2):c.786A>G (p.Ala262=),1
CV_3071259,3071259,BRCA1,chr17,43082450,,,NM_007294.4(BRCA1):c.4311T>G (p.Ser1437=),1
CV_3070303,3070303,BRCA2,chr13,32337076,,,NM_000059.4(BRCA2):c.2721G>A (p.Lys907=),1
CV_3018206,3018206,BRCA1,chr17,43092006,,,NM_007294.4(BRCA1):c.3525T>C (p.Ala1175=),1
CV_3010501,3010501,BRCA1,chr17,43093740,,,NM_007294.4(BRCA1):c.1791A>G (p.Glu597=),1
CV_3008063,3008063,BRCA2,chr13,32340985,,,NM_000059.4(BRCA2):c.6630A>G (p.Glu2210=),1
CV_3005582,3005582,BRCA2,chr13,32338237,,,NM_000059.4(BRCA2):c.3882A>G (p.Leu1294=),1
CV_2999964,2999964,BRCA2,chr13,32357855,,,NM_000059.4(BRCA2):c.7731A>G (p.Lys2577=),1
CV_2998611,2998611,BRCA2,chr13,32340094,,,NM_000059.4(BRCA2):c.5739T>C (p.Cys1913=),1
CV_2994133,2994133,BRCA2,chr13,32337235,,,NM_000059.4(BRCA2):c.2880G>A (p.Lys960=),1
CV_2993856,2993856,BRCA2,chr13,32336986,,,NM_000059.4(BRCA2):c.2631A>G (p.Pro877=),1
CV_2985563,2985563,BRCA2,chr13,32337571,,,NM_000059.4(BRCA2):c.3216A>G (p.Leu1072=),1
CV_2973104,2973104,BRCA2,chr13,32340106,,,NM_000059.4(BRCA2):c.5751A>C (p.Ser1917=),1
CV_2963748,2963748,BRCA2,chr13,32339056,,,NM_000059.4(BRCA2):c.4701A>C (p.Leu1567=),1
CV_2919981,2919981,BRCA1,chr17,43094016,,,NM_007294.4(BRCA1):c.1515A>G (p.Lys505=),1
CV_2910431,2910431,BRCA1,chr17,43092363,,,NM_007294.4(BRCA1):c.3168C>T (p.Ser1056=),1
CV_2907523,2907523,BRCA1,chr17,43093263,,,NM_007294.4(BRCA1):c.2268G>A (p.Arg756=),1
CV_2906517,2906517,BRCA1,chr17,43094136,,,NM_007294.4(BRCA1):c.1395T>C (p.Tyr465=),1
CV_2906208,2906208,BRCA2,chr13,32355236,,,NM_000059.4(BRCA2):c.7383C>T (p.Asn2461=),1
CV_2905144,2905144,BRCA1,chr17,43091648,,,NM_007294.4(BRCA1):c.3883T>C (p.Leu1295=),1
CV_2901285,2901285,BRCA2,chr13,32354975,,,NM_000059.4(BRCA2):c.7122T>C (p.Asn2374=),1
CV_2896270,2896270,BRCA2,chr13,32339218,,,NM_000059.4(BRCA2):c.4863T>C (p.Cys1621=),1
CV_2894655,2894655,BRCA2,chr13,32332675,,,NM_000059.4(BRCA2):c.1197C>T (p.Thr399=),1
CV_2888812,2888812,BRCA1,chr17,43092321,,,NM_007294.4(BRCA1):c.3210A>G (p.Ala1070=),1
CV_2885778,2885778,BRCA2,chr13,32339875,,,NM_000059.4(BRCA2):c.5520G>C (p.Gly1840=),1
CV_2884052,2884052,BRCA2,chr13,32357780,,,NM_000059.4(BRCA2):c.7656T>A (p.Ile2552=),1
CV_2884051,2884051,BRCA2,chr13,32337091,,,NM_000059.4(BRCA2):c.2736A>G (p.Thr912=),1
CV_2882003,2882003,BRCA2,chr13,32336749,,,NM_000059.4(BRCA2):c.2394C>G (p.Leu798=),1
CV_2878369,2878369,BRCA2,chr13,32339944,,,NM_000059.4(BRCA2):c.5589A>G (p.Lys1863=),1
CV_2878090,2878090,BRCA2,chr13,32336980,,,NM_000059.4(BRCA2):c.2625C>T (p.Val875=),1
CV_2865539,2865539,BRCA1,chr17,43093551,,,NM_007294.4(BRCA1):c.1980C>G (p.Val660=),1
CV_2864378,2864378,BRCA2,chr13,32338819,,,NM_000059.4(BRCA2):c.4464C>T (p.His1488=),1
CV_2863028,2863028,BRCA2,chr13,32319093,,,NM_000059.4(BRCA2):c.84T>C (p.Ser28=),1
CV_2862399,2862399,BRCA2,chr13,32363314,,,NM_000059.4(BRCA2):c.8112T>C (p.Ser2704=),1
CV_2861427,2861427,BRCA2,chr13,32338073,,,NM_000059.4(BRCA2):c.3718C>T (p.Leu1240=),1
CV_2859729,2859729,BRCA1,chr17,43092879,,,NM_007294.4(BRCA1):c.2652A>G (p.Thr884=),1
CV_2857513,2857513,BRCA2,chr13,32356567,,,NM_000059.4(BRCA2):c.7575A>T (p.Ala2525=),1
CV_2853577,2853577,BRCA1,chr17,43092891,,,NM_007294.4(BRCA1):c.2640G>A (p.Glu880=),1
CV_2851141,2851141,BRCA2,chr13,32333275,,,NM_000059.4(BRCA2):c.1797T>A (p.Ser599=),1
CV_2850553,2850553,BRCA2,chr13,32398657,,,NM_000059.4(BRCA2):c.10144C>T (p.Leu3382=),1
CV_2849672,2849672,BRCA2,chr13,32340928,,,NM_000059.4(BRCA2):c.6573A>G (p.Lys2191=),1
CV_2849456,2849456,BRCA2,chr13,32376776,,,NM_000059.4(BRCA2):c.8739C>T (p.Asp2913=),1
CV_2847392,2847392,BRCA2,chr13,32339170,,,NM_000059.4(BRCA2):c.4815T>C (p.Val1605=),1
CV_2846455,2846455,BRCA2,chr13,32397023,,,NM_000059.4(BRCA2):c.9627T>A (p.Pro3209=),1
CV_2846157,2846157,BRCA1,chr17,43091475,,,NM_007294.4(BRCA1):c.4056A>G (p.Glu1352=),1
CV_2845023,2845023,BRCA2,chr13,32340988,,,NM_000059.4(BRCA2):c.6633T>G (p.Val2211=),1
CV_2843259,2843259,BRCA1,chr17,43093890,,,NM_007294.4(BRCA1):c.1641T>C (p.Asn547=),1
CV_2843117,2843117,BRCA2,chr13,32340814,,,NM_000059.4(BRCA2):c.6459A>C (p.Pro2153=),1
CV_2841973,2841973,BRCA1,chr17,43076571,,,NM_007294.4(BRCA1):c.4401G>A (p.Gln1467=),1
CV_2841683,2841683,BRCA2,chr13,32397041,,,NM_000059.4(BRCA2):c.9645T>C (p.Leu3215=),1
CV_2841194,2841194,BRCA1,chr17,43099872,,,NM_007294.4(BRCA1):c.450C>A (p.Thr150=),1
CV_2840327,2840327,BRCA2,chr13,32340103,,,NM_000059.4(BRCA2):c.5748T>C (p.His1916=),1
CV_2840321,2840321,BRCA2,chr13,32333305,,,NM_000059.4(BRCA2):c.1827A>G (p.Gln609=),1
CV_2840187,2840187,BRCA2,chr13,32355167,,,NM_000059.4(BRCA2):c.7314T>C (p.Asp2438=),1
CV_2838963,2838963,BRCA1,chr17,43094814,,,NM_007294.4(BRCA1):c.717T>C (p.His239=),1
CV_2836933,2836933,BRCA1,chr17,43093251,,,NM_007294.4(BRCA1):c.2280T>G (p.Thr760=),1
CV_2836560,2836560,BRCA2,chr13,32340271,,,NM_000059.4(BRCA2):c.5916A>C (p.Ala1972=),1
CV_2836192,2836192,BRCA2,chr13,32356522,,,NM_000059.4(BRCA2):c.7530G>C (p.Leu2510=),1
CV_2834038,2834038,BRCA2,chr13,32339752,,,NM_000059.4(BRCA2):c.5397A>G (p.Ala1799=),1
CV_2833072,2833072,BRCA1,chr17,43094091,,,NM_007294.4(BRCA1):c.1440T>C (p.Asn480=),1
CV_2833055,2833055,BRCA2,chr13,32319243,,,NM_000059.4(BRCA2):c.234A>T (p.Pro78=),1
CV_2832828,2832828,BRCA2,chr13,32336482,,,NM_000059.4(BRCA2):c.2127G>T (p.Leu709=),1
CV_2832573,2832573,BRCA2,chr13,32355209,,,NM_000059.4(BRCA2):c.7356T>C (p.Asn2452=),1
CV_2831989,2831989,BRCA2,chr13,32398716,,,NM_000059.4(BRCA2):c.10203G>T (p.Thr3401=),1
CV_2831114,2831114,BRCA1,chr17,43106497,,,NM_007294.4(BRCA1):c.171G>A (p.Gly57=),1
CV_2829766,2829766,BRCA1,chr17,43082435,,,NM_007294.4(BRCA1):c.4326G>T (p.Leu1442=),1
CV_2829635,2829635,BRCA2,chr13,32370548,,,NM_000059.4(BRCA2):c.8478C>T (p.Tyr2826=),1
CV_2829054,2829054,BRCA1,chr17,43093479,,,NM_007294.4(BRCA1):c.2052A>C (p.Pro684=),1
CV_2826881,2826881,BRCA1,chr17,43092888,,,NM_007294.4(BRCA1):c.2643A>G (p.Glu881=),1
CV_2826592,2826592,BRCA2,chr13,32355047,,,NM_000059.4(BRCA2):c.7194T>G (p.Thr2398=),1
CV_2826468,2826468,BRCA1,chr17,43071123,,,NM_007294.4(BRCA1):c.4791C>G (p.Thr1597=),1
CV_2823721,2823721,BRCA2,chr13,32319096,,,NM_000059.4(BRCA2):c.87T>C (p.Leu29=),1
CV_2823694,2823694,BRCA2,chr13,32340217,,,NM_000059.4(BRCA2):c.5862T>G (p.Thr1954=),1
CV_2822730,2822730,BRCA2,chr13,32398461,,,NM_000059.4(BRCA2):c.9948A>G (p.Glu3316=),1
CV_2822699,2822699,BRCA2,chr13,32337121,,,NM_000059.4(BRCA2):c.2766C>T (p.Phe922=),1
CV_2821818,2821818,BRCA2,chr13,32355158,,,NM_000059.4(BRCA2):c.7305A>G (p.Gln2435=),1
CV_2821548,2821548,BRCA1,chr17,43092624,,,NM_007294.4(BRCA1):c.2907T>C (p.Asn969=),1
CV_2820643,2820643,BRCA2,chr13,32326528,,,NM_000059.4(BRCA2):c.546A>G (p.Glu182=),1
CV_2820098,2820098,BRCA2,chr13,32340376,,,NM_000059.4(BRCA2):c.6021C>G (p.Thr2007=),1
CV_2819976,2819976,BRCA1,chr17,43071048,,,NM_007294.4(BRCA1):c.4866T>C (p.Thr1622=),1
CV_2818662,2818662,BRCA2,chr13,32338222,,,NM_000059.4(BRCA2):c.3867A>G (p.Lys1289=),1
CV_2818149,2818149,BRCA2,chr13,32340184,,,NM_000059.4(BRCA2):c.5829T>C (p.Ser1943=),1
CV_2817784,2817784,BRCA2,chr13,32354915,,,NM_000059.4(BRCA2):c.7062A>G (p.Gln2354=),1
CV_2817681,2817681,BRCA1,chr17,43094070,,,NM_007294.4(BRCA1):c.1461T>A (p.Val487=),1
CV_2817488,2817488,BRCA2,chr13,32332321,,,NM_000059.4(BRCA2):c.843C>T (p.Asp281=),1
CV_2816686,2816686,BRCA2,chr13,32355113,,,NM_000059.4(BRCA2):c.7260A>G (p.Glu2420=),1
CV_2816098,2816098,BRCA2,chr13,32332615,,,NM_000059.4(BRCA2):c.1137A>G (p.Gly379=),1
CV_2814995,2814995,BRCA2,chr13,32338333,,,NM_000059.4(BRCA2):c.3978T>C (p.Ala1326=),1
CV_2814781,2814781,BRCA1,chr17,43092384,,,NM_007294.4(BRCA1):c.3147C>T (p.Ser1049=),1
CV_2814431,2814431,BRCA2,chr13,32340196,,,NM_000059.4(BRCA2):c.5841T>G (p.Pro1947=),1
CV_2814197,2814197,BRCA1,chr17,43094562,,,NM_007294.4(BRCA1):c.969A>C (p.Gly323=),1
CV_2814035,2814035,BRCA1,chr17,43093713,,,NM_007294.4(BRCA1):c.1818T>C (p.Pro606=),1
CV_2813569,2813569,BRCA1,chr17,43093797,,,NM_007294.4(BRCA1):c.1734T>G (p.Ser578=),1
CV_2813204,2813204,BRCA1,chr17,43092639,,,NM_007294.4(BRCA1):c.2892A>T (p.Gly964=),1
CV_2813032,2813032,BRCA2,chr13,32339797,,,NM_000059.4(BRCA2):c.5442G>C (p.Val1814=),1
CV_2810882,2810882,BRCA1,chr17,43092306,,,NM_007294.4(BRCA1):c.3225C>T (p.Asn1075=),1
CV_2810348,2810348,BRCA1,chr17,43094268,,,NM_007294.4(BRCA1):c.1263A>G (p.Glu421=),1
CV_2809557,2809557,BRCA2,chr13,32336566,,,NM_000059.4(BRCA2):c.2211A>T (p.Ala737=),1
CV_2808395,2808395,BRCA1,chr17,43090977,,,NM_007294.4(BRCA1):c.4152G>T (p.Gly1384=),1
CV_2807573,2807573,BRCA2,chr13,32357912,,,NM_000059.4(BRCA2):c.7788A>T (p.Gly2596=),1
CV_2805187,2805187,BRCA2,chr13,32333341,,,NM_000059.4(BRCA2):c.1863A>G (p.Glu621=),1
CV_2804331,2804331,BRCA2,chr13,32376758,,,NM_000059.4(BRCA2):c.8721A>C (p.Ala2907=),1
CV_2802264,2802264,BRCA2,chr13,32336458,,,NM_000059.4(BRCA2):c.2103T>C (p.Phe701=),1
CV_2801590,2801590,BRCA2,chr13,32332795,,,NM_000059.4(BRCA2):c.1317T>C (p.Phe439=),1
CV_2797671,2797671,BRCA1,chr17,43094775,,,NM_007294.4(BRCA1):c.756T>A (p.Arg252=),1
CV_2797232,2797232,BRCA2,chr13,32339110,,,NM_000059.4(BRCA2):c.4755C>T (p.Ile1585=),1
CV_2796860,2796860,BRCA2,chr13,32346828,,,NM_000059.4(BRCA2):c.6939C>T (p.Gly2313=),1
CV_2792991,2792991,BRCA1,chr17,43104212,,,NM_007294.4(BRCA1):c.351T>C (p.His117=),1
CV_2787852,2787852,BRCA2,chr13,32339290,,,NM_000059.4(BRCA2):c.4935A>G (p.Lys1645=),1
CV_2787811,2787811,BRCA1,chr17,43092939,,,NM_007294.4(BRCA1):c.2592A>G (p.Ser864=),1
CV_2780262,2780262,BRCA2,chr13,32333332,,,NM_000059.4(BRCA2):c.1854C>T (p.Ala618=),1
CV_2778864,2778864,BRCA2,chr13,32379373,,,NM_000059.4(BRCA2):c.8811T>C (p.Asn2937=),1
CV_2778793,2778793,BRCA2,chr13,32354996,,,NM_000059.4(BRCA2):c.7143A>G (p.Pro2381=),1
CV_2776752,2776752,BRCA2,chr13,32336932,,,NM_000059.4(BRCA2):c.2577A>C (p.Val859=),1
CV_2776700,2776700,BRCA2,chr13,32339071,,,NM_000059.4(BRCA2):c.4716C>T (p.Ala1572=),1
CV_2776030,2776030,BRCA2,chr13,32341120,,,NM_000059.4(BRCA2):c.6765A>C (p.Thr2255=),1
CV_2775818,2775818,BRCA2,chr13,32337418,,,NM_000059.4(BRCA2):c.3063A>G (p.Glu1021=),1
CV_2774942,2774942,BRCA2,chr13,32355281,,,NM_000059.4(BRCA2):c.7428A>G (p.Glu2476=),1
CV_2774902,2774902,BRCA2,chr13,32338048,,,NM_000059.4(BRCA2):c.3693T>A (p.Thr1231=),1
CV_2774854,2774854,BRCA1,chr17,43093437,,,NM_007294.4(BRCA1):c.2094A>G (p.Pro698=),1
CV_2774850,2774850,BRCA1,chr17,43092630,,,NM_007294.4(BRCA1):c.2901T>G (p.Thr967=),1
CV_2774848,2774848,LOC126862571,chr17,43092183,,,NM_007294.4(BRCA1):c.3348A>T (p.Val1116=),1
CV_2774829,2774829,BRCA1,chr17,43071126,,,NM_007294.4(BRCA1):c.4788A>C (p.Ser1596=),1
CV_2772554,2772554,BRCA2,chr13,32333230,,,NM_000059.4(BRCA2):c.1752A>G (p.Lys584=),1
CV_2772202,2772202,BRCA2,chr13,32337388,,,NM_000059.4(BRCA2):c.3033A>C (p.Thr1011=),1
CV_2772201,2772201,BRCA1,chr17,43092033,,,NM_007294.4(BRCA1):c.3498T>G (p.Ala1166=),1
CV_2771159,2771159,BRCA1,chr17,43093986,,,NM_007294.4(BRCA1):c.1545G>A (p.Glu515=),1
CV_2769775,2769775,BRCA1,chr17,43094796,,,NM_007294.4(BRCA1):c.735T>C (p.Asp245=),1
CV_2768904,2768904,BRCA1,chr17,43092855,,,NM_007294.4(BRCA1):c.2676A>G (p.Leu892=),1
CV_2767422,2767422,BRCA1,chr17,43094832,,,NM_007294.4(BRCA1):c.699A>T (p.Val233=),1
CV_2766627,2766627,BRCA2,chr13,32332690,,,NM_000059.4(BRCA2):c.1212T>C (p.Asn404=),1
CV_2765156,2765156,BRCA2,chr13,32394756,,,NM_000059.4(BRCA2):c.9324C>T (p.Asp3108=),1
CV_2764625,2764625,BRCA2,chr13,32337841,,,NM_000059.4(BRCA2):c.3486T>C (p.Ala1162=),1
CV_2763801,2763801,BRCA1,chr17,43082549,,,NM_007294.4(BRCA1):c.4212G>T (p.Leu1404=),1
CV_2762228,2762228,BRCA2,chr13,32398362,,,NM_000059.4(BRCA2):c.9849T>C (p.Val3283=),1
CV_2761033,2761033,BRCA2,chr13,32379790,,,NM_000059.4(BRCA2):c.8994T>G (p.Ser2998=),1
CV_2760490,2760490,BRCA1,chr17,43094354,,,NM_007294.4(BRCA1):c.1177T>C (p.Leu393=),1
CV_2759360,2759360,BRCA1,chr17,43074344,,,NM_007294.4(BRCA1):c.4662A>G (p.Pro1554=),1
CV_2758981,2758981,BRCA2,chr13,32339416,,,NM_000059.4(BRCA2):c.5061T>C (p.Leu1687=),1
CV_2758677,2758677,BRCA2,chr13,32339888,,,NM_000059.4(BRCA2):c.5533A>C (p.Arg1845=),1
CV_2758315,2758315,BRCA2,chr13,32319243,,,NM_000059.4(BRCA2):c.234A>C (p.Pro78=),1
CV_2757418,2757418,BRCA1,chr17,43091961,,,NM_007294.4(BRCA1):c.3570T>C (p.Pro1190=),1
CV_2756788,2756788,BRCA2,chr13,32338393,,,NM_000059.4(BRCA2):c.4038T>C (p.Thr1346=),1
CV_2756470,2756470,BRCA2,chr13,32394759,,,NM_000059.4(BRCA2):c.9327T>G (p.Leu3109=),1
CV_2754923,2754923,BRCA2,chr13,32379781,,,NM_000059.4(BRCA2):c.8985T>C (p.Asp2995=),1
CV_2754219,2754219,PAH,chr12,102877519,,,NM_000277.3(PAH):c.384G>A (p.Leu128=),1
CV_2753010,2753010,BRCA2,chr13,32370473,,,NM_000059.4(BRCA2):c.8403T>C (p.Phe2801=),1
CV_2752266,2752266,BRCA1,chr17,43092840,,,NM_007294.4(BRCA1):c.2691A>G (p.Pro897=),1
CV_2750808,2750808,BRCA2,chr13,32333239,,,NM_000059.4(BRCA2):c.1761A>T (p.Thr587=),1
CV_2748945,2748945,BRCA1,chr17,43074422,,,NM_007294.4(BRCA1):c.4584C>G (p.Leu1528=),1
CV_2746609,2746609,BRCA2,chr13,32340703,,,NM_000059.4(BRCA2):c.6348C>T (p.His2116=),1
CV_2745524,2745524,BRCA2,chr13,32362544,,,NM_000059.4(BRCA2):c.7827T>A (p.Gly2609=),1
CV_2744847,2744847,BRCA1,chr17,43092801,,,NM_007294.4(BRCA1):c.2730A>G (p.Gln910=),1
CV_2744384,2744384,BRCA1,chr17,43091907,,,NM_007294.4(BRCA1):c.3624A>G (p.Lys1208=),1
CV_2744049,2744049,BRCA1,chr17,43099854,,,NM_007294.4(BRCA1):c.468C>T (p.Leu156=),1
CV_2743413,2743413,BRCA2,chr13,32339251,,,NM_000059.4(BRCA2):c.4896T>C (p.Ser1632=),1
CV_2736897,2736897,BRCA2,chr13,32326125,,,NM_000059.4(BRCA2):c.450T>C (p.His150=),1
CV_2736371,2736371,BRCA2,chr13,32336992,,,NM_000059.4(BRCA2):c.2637T>C (p.Ser879=),1
CV_2736087,2736087,BRCA2,chr13,32398659,,,NM_000059.4(BRCA2):c.10146G>C (p.Leu3382=),1
CV_2735185,2735185,BRCA2,chr13,32337460,,,NM_000059.4(BRCA2):c.3105A>G (p.Glu1035=),1
CV_2731592,2731592,BRCA1,chr17,43091967,,,NM_007294.4(BRCA1):c.3564G>A (p.Arg1188=),1
CV_2729943,2729943,BRCA1,chr17,43094232,,,NM_007294.4(BRCA1):c.1299C>T (p.Ala433=),1
CV_2727385,2727385,BRCA2,chr13,32337919,,,NM_000059.4(BRCA2):c.3564T>C (p.Ile1188=),1
CV_2726941,2726941,BRCA2,chr13,32379865,,,NM_000059.4(BRCA2):c.9069T>A (p.Ala3023=),1
CV_2726606,2726606,BRCA1,chr17,43093497,,,NM_007294.4(BRCA1):c.2034C>G (p.Ala678=),1
CV_2723925,2723925,BRCA1,chr17,43071123,,,NM_007294.4(BRCA1):c.4791C>A (p.Thr1597=),1
CV_2721595,2721595,BRCA2,chr13,32379359,,,NM_000059.4(BRCA2):c.8797A>C (p.Arg2933=),1
CV_2719609,2719609,BRCA2,chr13,32356459,,,NM_000059.4(BRCA2):c.7467T>C (p.Asp2489=),1
CV_2718271,2718271,BRCA2,chr13,32338957,,,NM_000059.4(BRCA2):c.4602T>C (p.Ile1534=),1
CV_2715158,2715158,BRCA2,chr13,32325146,,,NM_000059.4(BRCA2):c.387T>C (p.Asp129=),1
CV_2714669,2714669,BRCA2,chr13,32340640,,,NM_000059.4(BRCA2):c.6285A>G (p.Ser2095=),1
CV_2712878,2712878,BRCA2,chr13,32355248,,,NM_000059.4(BRCA2):c.7395A>C (p.Ala2465=),1
CV_2711733,2711733,BRCA1,chr17,43071078,,,NM_007294.4(BRCA1):c.4836G>A (p.Gln1612=),1
CV_2711117,2711117,BRCA2,chr13,32337223,,,NM_000059.4(BRCA2):c.2868A>G (p.Lys956=),1
CV_2711116,2711116,BRCA1,chr17,43094238,,,NM_007294.4(BRCA1):c.1293A>G (p.Leu431=),1
CV_2710591,2710591,BRCA1,chr17,43094226,,,NM_007294.4(BRCA1):c.1305T>C (p.Asp435=),1
CV_2710538,2710538,BRCA2,chr13,32338219,,,NM_000059.4(BRCA2):c.3864T>C (p.Asn1288=),1
CV_2710099,2710099,BRCA2,chr13,32379394,,,NM_000059.4(BRCA2):c.8832C>T (p.Ile2944=),1
CV_2710095,2710095,BRCA1,chr17,43091553,,,NM_007294.4(BRCA1):c.3978T>C (p.His1326=),1
CV_2709782,2709782,BRCA2,chr13,32329459,,,NM_000059.4(BRCA2):c.648A>T (p.Ala216=),1
CV_2708676,2708676,BRCA2,chr13,32340607,,,NM_000059.4(BRCA2):c.6252T>C (p.Asp2084=),1
CV_2708664,2708664,BRCA2,chr13,32379409,,,NM_000059.4(BRCA2):c.8847G>A (p.Arg2949=),1
CV_2708418,2708418,BRCA2,chr13,32379782,,,NM_000059.4(BRCA2):c.8986T>C (p.Leu2996=),1
CV_2702405,2702405,BRCA2,chr13,32337292,,,NM_000059.4(BRCA2):c.2937A>C (p.Ile979=),1
CV_2701376,2701376,BRCA2,chr13,32340898,,,NM_000059.4(BRCA2):c.6543A>C (p.Gly2181=),1
CV_2700798,2700798,BRCA2,chr13,32332477,,,NM_000059.4(BRCA2):c.999C>T (p.Phe333=),1
CV_2700797,2700797,BRCA2,chr13,32336464,,,NM_000059.4(BRCA2):c.2109C>A (p.Thr703=),1
CV_2700775,2700775,BRCA1,chr17,43094481,,,NM_007294.4(BRCA1):c.1050A>G (p.Arg350=),1
CV_2700224,2700224,BRCA1,chr17,43092249,,,NM_007294.4(BRCA1):c.3282T>C (p.Tyr1094=),1
CV_2699409,2699409,BRCA1,chr17,43092738,,,NM_007294.4(BRCA1):c.2793G>T (p.Val931=),1
CV_2698908,2698908,BRCA2,chr13,32326552,,,NM_000059.4(BRCA2):c.570T>C (p.Pro190=),1
CV_2696479,2696479,BRCA1,chr17,43094028,,,NM_007294.4(BRCA1):c.1503A>G (p.Lys501=),1
CV_2696399,2696399,BRCA2,chr13,32398324,,,NM_000059.4(BRCA2):c.9811T>C (p.Leu3271=),1
CV_2695736,2695736,BRCA2,chr13,32376788,,,NM_000059.4(BRCA2):c.8751T>A (p.Leu2917=),1
CV_2695437,2695437,BRCA2,chr13,32340682,,,NM_000059.4(BRCA2):c.6327T>A (p.Val2109=),1
CV_2695435,2695435,BRCA2,chr13,32332930,,,NM_000059.4(BRCA2):c.1452A>C (p.Val484=),1
CV_2694673,2694673,BRCA2,chr13,32379397,,,NM_000059.4(BRCA2):c.8835G>A (p.Gln2945=),1
CV_2694312,2694312,BRCA2,chr13,32371021,,,NM_000059.4(BRCA2):c.8553A>G (p.Ala2851=),1
CV_2693515,2693515,BRCA2,chr13,32355260,,,NM_000059.4(BRCA2):c.7407T>C (p.Thr2469=),1
CV_2683813,2683813,BRCA1,chr17,43094070,,,NM_007294.4(BRCA1):c.1461T>C (p.Val487=),1
CV_2683772,2683772,BRCA2,chr13,32338519,,,NM_000059.4(BRCA2):c.4164T>G (p.Thr1388=),1
CV_2681838,2681838,BRCA2,chr13,32357816,,,NM_000059.4(BRCA2):c.7692T>G (p.Thr2564=),1
CV_2681836,2681836,BRCA2,chr13,32354891,,,NM_000059.4(BRCA2):c.7038T>C (p.Asn2346=),1
CV_2681827,2681827,BRCA2,chr13,32338627,,,NM_000059.4(BRCA2):c.4272T>C (p.Ser1424=),1
CV_2681823,2681823,BRCA2,chr13,32337553,,,NM_000059.4(BRCA2):c.3198T>C (p.Asn1066=),1
CV_2681819,2681819,BRCA2,chr13,32332852,,,NM_000059.4(BRCA2):c.1374A>T (p.Pro458=),1
CV_2681818,2681818,BRCA2,chr13,32332537,,,NM_000059.4(BRCA2):c.1059A>T (p.Ser353=),1
CV_2596140,2596140,BRCA2,chr13,32338468,,,NM_000059.4(BRCA2):c.4113G>A (p.Gln1371=),1
CV_2595978,2595978,BRCA2,chr13,32398602,,,NM_000059.4(BRCA2):c.10089A>T (p.Ile3363=),1
CV_2586325,2586325,BRCA2,chr13,32338189,,,NM_000059.4(BRCA2):c.3834T>C (p.His1278=),1
CV_2586319,2586319,BRCA2,chr13,32336593,,,NM_000059.4(BRCA2):c.2238G>A (p.Val746=),1
CV_2586317,2586317,BRCA2,chr13,32339125,,,NM_000059.4(BRCA2):c.4770G>A (p.Lys1590=),1
CV_2586313,2586313,BRCA2,chr13,32332648,,,NM_000059.4(BRCA2):c.1170T>C (p.Ser390=),1
CV_2586285,2586285,BRCA2,chr13,32398653,,,NM_000059.4(BRCA2):c.10140C>T (p.Leu3380=),1
CV_2586276,2586276,BRCA2,chr13,32379347,,,NM_000059.4(BRCA2):c.8785T>C (p.Leu2929=),1
CV_2585834,2585834,BRCA1,chr17,43094691,,,NM_007294.4(BRCA1):c.840C>G (p.Ala280=),1
CV_2585826,2585826,BRCA1,chr17,43071045,,,NM_007294.4(BRCA1):c.4869T>C (p.Ala1623=),1
CV_2579894,2579894,CFTR,chr7,117606690,,,NM_000492.4(CFTR):c.2925A>G (p.Arg975=),1
CV_2576465,2576465,BRCA2,chr13,32333110,,,NM_000059.4(BRCA2):c.1632T>G (p.Thr544=),1
CV_2573921,2573921,BRCA2,chr13,32332463,,,NM_000059.4(BRCA2):c.985A>C (p.Arg329=),1
CV_2566059,2566059,BRCA2,chr13,32340859,,,NM_000059.4(BRCA2):c.6504A>T (p.Gly2168=),1
CV_2566057,2566057,BRCA2,chr13,32398644,,,NM_000059.4(BRCA2):c.10131A>G (p.Glu3377=),1
CV_2566022,2566022,BRCA2,chr13,32340352,,,NM_000059.4(BRCA2):c.5997G>A (p.Val1999=),1
CV_2566020,2566020,BRCA2,chr13,32338862,,,NM_000059.4(BRCA2):c.4507C>T (p.Leu1503=),1
CV_2565994,2565994,BRCA2,chr13,32338663,,,NM_000059.4(BRCA2):c.4308T>A (p.Ile1436=),1
CV_2565967,2565967,BRCA2,chr13,32332645,,,NM_000059.4(BRCA2):c.1167G>C (p.Pro389=),1
CV_2565966,2565966,BRCA2,chr13,32340946,,,NM_000059.4(BRCA2):c.6591T>G (p.Thr2197=),1
CV_2565354,2565354,BRCA1,chr17,43094111,,,NM_007294.4(BRCA1):c.1420T>C (p.Leu474=),1
CV_2468735,2468735,BRCA2,chr13,32398662,,,NM_000059.4(BRCA2):c.10149A>G (p.Lys3383=),1
CV_2451541,2451541,BRCA2,chr13,32338168,,,NM_000059.4(BRCA2):c.3813A>C (p.Ser1271=),1
CV_2451508,2451508,BRCA2,chr13,32338645,,,NM_000059.4(BRCA2):c.4290T>G (p.Thr1430=),1
CV_2451491,2451491,BRCA2,chr13,32332963,,,NM_000059.4(BRCA2):c.1485T>G (p.Ala495=),1
CV_2451486,2451486,BRCA2,chr13,32337421,,,NM_000059.4(BRCA2):c.3066T>C (p.His1022=),1
CV_2450694,2450694,BRCA1,chr17,43092834,,,NM_007294.4(BRCA1):c.2697C>A (p.Val899=),1
CV_2450688,2450688,BRCA1,chr17,43092777,,,NM_007294.4(BRCA1):c.2754G>A (p.Lys918=),1
CV_2450682,2450682,BRCA1,chr17,43091931,,,NM_007294.4(BRCA1):c.3600G>A (p.Gln1200=),1
CV_2445680,2445680,BRCA2,chr13,32363326,,,NM_000059.4(BRCA2):c.8124T>C (p.Thr2708=),1
CV_2420360,2420360,BRCA1,chr17,43076613,,,NM_007294.4(BRCA1):c.4359A>T (p.Ala1453=),1
CV_2420023,2420023,BRCA2,chr13,32398749,,,NM_000059.4(BRCA2):c.10236T>C (p.Ile3412=),1
CV_2198640,2198640,BRCA2,chr13,32319279,,,NM_000059.4(BRCA2):c.270G>A (p.Leu90=),1
CV_2190137,2190137,BRCA2,chr13,32396918,,,NM_000059.4(BRCA2):c.9522T>C (p.Asn3174=),1
CV_2180750,2180750,BRCA1,chr17,43092615,,,NM_007294.4(BRCA1):c.2916A>G (p.Gly972=),1
CV_2175807,2175807,BRCA2,chr13,32356559,,,NM_000059.4(BRCA2):c.7567C>T (p.Leu2523=),1
CV_2169573,2169573,BRCA2,chr13,32357840,,,NM_000059.4(BRCA2):c.7716T>C (p.Ser2572=),1
CV_2169181,2169181,BRCA1,chr17,43092858,,,NM_007294.4(BRCA1):c.2673C>T (p.Ser891=),1
CV_2168449,2168449,BRCA2,chr13,32339737,,,NM_000059.4(BRCA2):c.5382A>G (p.Val1794=),1
CV_2157398,2157398,BRCA2,chr13,32338060,,,NM_000059.4(BRCA2):c.3705A>G (p.Gln1235=),1
CV_2135773,2135773,BRCA2,chr13,32332462,,,NM_000059.4(BRCA2):c.984T>C (p.Thr328=),1
CV_2133472,2133472,BRCA2,chr13,32398647,,,NM_000059.4(BRCA2):c.10134T>C (p.Asp3378=),1
CV_2133384,2133384,BRCA2,chr13,32354984,,,NM_000059.4(BRCA2):c.7131T>C (p.Val2377=),1
CV_2131907,2131907,BRCA2,chr13,32319306,,,NM_000059.4(BRCA2):c.297T>C (p.Asp99=),1
CV_2131373,2131373,BRCA1,chr17,43093137,,,NM_007294.4(BRCA1):c.2394A>G (p.Pro798=),1
CV_2129948,2129948,BRCA2,chr13,32336855,,,NM_000059.4(BRCA2):c.2500T>C (p.Leu834=),1
CV_2128003,2128003,BRCA2,chr13,32394720,,,NM_000059.4(BRCA2):c.9288A>G (p.Glu3096=),1
CV_2127102,2127102,BRCA1,chr17,43092210,,,NM_007294.4(BRCA1):c.3321A>G (p.Glu1107=),1
CV_2126323,2126323,BRCA2,chr13,32355254,,,NM_000059.4(BRCA2):c.7401T>G (p.Ala2467=),1
CV_2126322,2126322,BRCA2,chr13,32333095,,,NM_000059.4(BRCA2):c.1617A>C (p.Gly539=),1
CV_2121898,2121898,LOC126862571,chr17,43091793,,,NM_007294.4(BRCA1):c.3738C>G (p.Thr1246=),1
CV_2120754,2120754,BRCA2,chr13,32340373,,,NM_000059.4(BRCA2):c.6018T>C (p.Ser2006=),1
CV_2120477,2120477,BRCA1,chr17,43093578,,,NM_007294.4(BRCA1):c.1953G>A (p.Lys651=),1
CV_2118658,2118658,BRCA2,chr13,32336347,,,NM_000059.4(BRCA2):c.1992G>T (p.Gly664=),1
CV_2118312,2118312,BRCA1,chr17,43074338,,,NM_007294.4(BRCA1):c.4668A>G (p.Gln1556=),1
CV_2118259,2118259,BRCA2,chr13,32336818,,,NM_000059.4(BRCA2):c.2463A>C (p.Val821=),1
CV_2114684,2114684,BRCA1,chr17,43094220,,,NM_007294.4(BRCA1):c.1311T>C (p.His437=),1
CV_2114487,2114487,BRCA2,chr13,32333014,,,NM_000059.4(BRCA2):c.1536T>G (p.Pro512=),1
CV_2113191,2113191,BRCA2,chr13,32337844,,,NM_000059.4(BRCA2):c.3489T>C (p.Asp1163=),1
CV_2113184,2113184,BRCA2,chr13,32340589,,,NM_000059.4(BRCA2):c.6234A>G (p.Gly2078=),1
CV_2112792,2112792,BRCA2,chr13,32394696,,,NM_000059.4(BRCA2):c.9264C>A (p.Ala3088=),1
CV_2109842,2109842,BRCA1,chr17,43094820,,,NM_007294.4(BRCA1):c.711A>G (p.Glu237=),1
CV_2108449,2108449,BRCA1,chr17,43071141,,,NM_007294.4(BRCA1):c.4773C>G (p.Gly1591=),1
CV_2108368,2108368,BRCA2,chr13,32355026,,,NM_000059.4(BRCA2):c.7173A>G (p.Glu2391=),1
CV_2106623,2106623,BRCA2,chr13,32354924,,,NM_000059.4(BRCA2):c.7071G>C (p.Leu2357=),1
CV_2105164,2105164,BRCA1,chr17,43094211,,,NM_007294.4(BRCA1):c.1320A>G (p.Leu440=),1
CV_2104075,2104075,BRCA2,chr13,32339455,,,NM_000059.4(BRCA2):c.5100T>A (p.Gly1700=),1
CV_2103517,2103517,BRCA2,chr13,32398227,,,NM_000059.4(BRCA2):c.9714G>A (p.Lys3238=),1
CV_2102817,2102817,BRCA1,chr17,43093731,,,NM_007294.4(BRCA1):c.1800C>A (p.Ile600=),1
CV_2102483,2102483,BRCA2,chr13,32326119,,,NM_000059.4(BRCA2):c.444T>C (p.Cys148=),1
CV_2102464,2102464,BRCA2,chr13,32325125,,,NM_000059.4(BRCA2):c.366T>G (p.Thr122=),1
CV_2102321,2102321,BRCA2,chr13,32356570,,,NM_000059.4(BRCA2):c.7578A>G (p.Ala2526=),1
CV_2102276,2102276,BRCA1,chr17,43099824,,,NM_007294.4(BRCA1):c.498G>A (p.Arg166=),1
CV_2100365,2100365,BRCA2,chr13,32337370,,,NM_000059.4(BRCA2):c.3015T>C (p.Phe1005=),1
CV_2099729,2099729,BRCA2,chr13,32340424,,,NM_000059.4(BRCA2):c.6069C>T (p.Asp2023=),1
CV_2099599,2099599,BRCA2,chr13,32316508,,,NM_000059.4(BRCA2):c.48G>A (p.Lys16=),1
CV_2098803,2098803,BRCA2,chr13,32332921,,,NM_000059.4(BRCA2):c.1443T>C (p.Ile481=),1
CV_2098263,2098263,BRCA1,chr17,43074401,,,NM_007294.4(BRCA1):c.4605G>A (p.Glu1535=),1
CV_2098178,2098178,BRCA2,chr13,32332957,,,NM_000059.4(BRCA2):c.1479A>T (p.Pro493=),1
CV_2098055,2098055,BRCA2,chr13,32394834,,,NM_000059.4(BRCA2):c.9402C>G (p.Gly3134=),1
CV_2096175,2096175,BRCA2,chr13,32326574,,,NM_000059.4(BRCA2):c.592T>C (p.Leu198=),1
CV_2095780,2095780,BRCA2,chr13,32337436,,,NM_000059.4(BRCA2):c.3081C>T (p.Ser1027=),1
CV_2095092,2095092,BRCA2,chr13,32339419,,,NM_000059.4(BRCA2):c.5064A>G (p.Glu1688=),1
CV_2094090,2094090,BRCA2,chr13,32332567,,,NM_000059.4(BRCA2):c.1089T>C (p.Thr363=),1
CV_2093014,2093014,BRCA2,chr13,32346876,,,NM_000059.4(BRCA2):c.6987G>C (p.Pro2329=),1
CV_2092538,2092538,BRCA2,chr13,32333311,,,NM_000059.4(BRCA2):c.1833A>G (p.Ser611=),1
CV_2092263,2092263,BRCA1,chr17,43094331,,,NM_007294.4(BRCA1):c.1200T>C (p.Asp400=),1
CV_2091668,2091668,BRCA2,chr13,32379322,,,NM_000059.4(BRCA2):c.8760T>C (p.Tyr2920=),1
CV_2091648,2091648,BRCA1,chr17,43104215,,,NM_007294.4(BRCA1):c.348A>G (p.Glu116=),1
CV_2091202,2091202,BRCA2,chr13,32333272,,,NM_000059.4(BRCA2):c.1794A>C (p.Thr598=),1
CV_2091127,2091127,BRCA2,chr13,32337766,,,NM_000059.4(BRCA2):c.3411G>A (p.Leu1137=),1
CV_2089798,2089798,BRCA2,chr13,32339644,,,NM_000059.4(BRCA2):c.5289C>A (p.Leu1763=),1
CV_2089455,2089455,BRCA2,chr13,32398335,,,NM_000059.4(BRCA2):c.9822G>A (p.Leu3274=),1
CV_2089440,2089440,LOC126862571,chr17,43092246,,,NM_007294.4(BRCA1):c.3285A>G (p.Lys1095=),1
CV_2089010,2089010,BRCA2,chr13,32363287,,,NM_000059.4(BRCA2):c.8085A>T (p.Ser2695=),1
CV_2088625,2088625,BRCA2,chr13,32332927,,,NM_000059.4(BRCA2):c.1449A>G (p.Ala483=),1
CV_2088437,2088437,BRCA2,chr13,32340344,,,NM_000059.4(BRCA2):c.5989A>C (p.Arg1997=),1
CV_2087983,2087983,BRCA1,chr17,43092390,,,NM_007294.4(BRCA1):c.3141A>T (p.Val1047=),1
CV_2086646,2086646,BRCA1,chr17,43071219,,,NM_007294.4(BRCA1):c.4695A>G (p.Glu1565=),1
CV_2084644,2084644,BRCA2,chr13,32340967,,,NM_000059.4(BRCA2):c.6612T>C (p.Pro2204=),1
CV_2078500,2078500,BRCA2,chr13,32339701,,,NM_000059.4(BRCA2):c.5346A>G (p.Gln1782=),1
CV_2078493,2078493,BRCA1,chr17,43092330,,,NM_007294.4(BRCA1):c.3201C>T (p.Asn1067=),1
CV_2076226,2076226,BRCA2,chr13,32336938,,,NM_000059.4(BRCA2):c.2583A>G (p.Gln861=),1
CV_2076019,2076019,BRCA2,chr13,32363503,,,NM_000059.4(BRCA2):c.8301T>G (p.Pro2767=),1
CV_2076007,2076007,BRCA2,chr13,32339500,,,NM_000059.4(BRCA2):c.5145G>A (p.Leu1715=),1
CV_2075064,2075064,BRCA2,chr13,32398374,,,NM_000059.4(BRCA2):c.9861T>C (p.Cys3287=),1
CV_2070642,2070642,BRCA2,chr13,32332678,,,NM_000059.4(BRCA2):c.1200T>G (p.Leu400=),1
CV_2066158,2066158,BRCA1,chr17,43093989,,,NM_007294.4(BRCA1):c.1542T>C (p.Pro514=),1
CV_2064647,2064647,BRCA2,chr13,32339794,,,NM_000059.4(BRCA2):c.5439T>C (p.Leu1813=),1
CV_2059393,2059393,BRCA2,chr13,32379493,,,NM_000059.4(BRCA2):c.8931T>C (p.Tyr2977=),1
CV_2038623,2038623,BRCA1,chr17,43076520,,,NM_007294.4(BRCA1):c.4452T>A (p.Ser1484=),1
CV_2038511,2038511,BRCA1,chr17,43094529,,,NM_007294.4(BRCA1):c.1002C>A (p.Pro334=),1
CV_2035740,2035740,BRCA2,chr13,32336422,,,NM_000059.4(BRCA2):c.2067A>G (p.Lys689=),1
CV_2035521,2035521,BRCA2,chr13,32344565,,,NM_000059.4(BRCA2):c.6849C>G (p.Pro2283=),1
CV_2035374,2035374,BRCA2,chr13,32339063,,,NM_000059.4(BRCA2):c.4708A>C (p.Arg1570=),1
CV_2035247,2035247,BRCA2,chr13,32338108,,,NM_000059.4(BRCA2):c.3753T>C (p.Thr1251=),1
CV_2035149,2035149,BRCA2,chr13,32337505,,,NM_000059.4(BRCA2):c.3150C>T (p.Thr1050=),1
CV_2034712,2034712,BRCA1,chr17,43076562,,,NM_007294.4(BRCA1):c.4410A>G (p.Glu1470=),1
CV_2033436,2033436,BRCA2,chr13,32338498,,,NM_000059.4(BRCA2):c.4143A>G (p.Lys1381=),1
CV_2032846,2032846,BRCA2,chr13,32338048,,,NM_000059.4(BRCA2):c.3693T>G (p.Thr1231=),1
CV_2031718,2031718,BRCA2,chr13,32338915,,,NM_000059.4(BRCA2):c.4560T>G (p.Thr1520=),1
CV_2031580,2031580,BRCA2,chr13,32398170,,,NM_000059.4(BRCA2):c.9657T>G (p.Ser3219=),1
CV_2031391,2031391,BRCA2,chr13,32336635,,,NM_000059.4(BRCA2):c.2280A>G (p.Leu760=),1
CV_2031160,2031160,BRCA2,chr13,32336899,,,NM_000059.4(BRCA2):c.2544G>A (p.Lys848=),1
CV_2030653,2030653,BRCA1,chr17,43093044,,,NM_007294.4(BRCA1):c.2487T>C (p.Phe829=),1
CV_2030562,2030562,BRCA1,chr17,43091526,,,NM_007294.4(BRCA1):c.4005G>A (p.Leu1335=),1
CV_2030514,2030514,BRCA1,chr17,43092531,,,NM_007294.4(BRCA1):c.3000G>A (p.Glu1000=),1
CV_2030449,2030449,BRCA1,chr17,43076613,,,NM_007294.4(BRCA1):c.4359A>C (p.Ala1453=),1
CV_2030354,2030354,BRCA1,chr17,43092072,,,NM_007294.4(BRCA1):c.3459G>A (p.Leu1153=),1
CV_2029496,2029496,BRCA2,chr13,32371018,,,NM_000059.4(BRCA2):c.8550A>G (p.Glu2850=),1
CV_2028512,2028512,BRCA2,chr13,32363515,,,NM_000059.4(BRCA2):c.8313A>G (p.Pro2771=),1
CV_2028072,2028072,BRCA1,chr17,43094808,,,NM_007294.4(BRCA1):c.723C>T (p.Pro241=),1
CV_2027312,2027312,BRCA1,chr17,43093884,,,NM_007294.4(BRCA1):c.1647T>C (p.Thr549=),1
CV_2027172,2027172,BRCA2,chr13,32356444,,,NM_000059.4(BRCA2):c.7452T>C (p.Leu2484=),1
CV_2027135,2027135,BRCA1,chr17,43091625,,,NM_007294.4(BRCA1):c.3906A>G (p.Glu1302=),1
CV_2026819,2026819,BRCA2,chr13,32338534,,,NM_000059.4(BRCA2):c.4179G>C (p.Ala1393=),1
CV_2026684,2026684,BRCA2,chr13,32340724,,,NM_000059.4(BRCA2):c.6369A>G (p.Glu2123=),1
CV_2026506,2026506,BRCA2,chr13,32340145,,,NM_000059.4(BRCA2):c.5790A>G (p.Leu1930=),1
CV_2024436,2024436,BRCA2,chr13,32332349,,,NM_000059.4(BRCA2):c.871C>T (p.Leu291=),1
CV_2022770,2022770,BRCA2,chr13,32396951,,,NM_000059.4(BRCA2):c.9555T>C (p.His3185=),1
CV_2022763,2022763,BRCA2,chr13,32338567,,,NM_000059.4(BRCA2):c.4212A>C (p.Ser1404=),1
CV_2022225,2022225,BRCA2,chr13,32336929,,,NM_000059.4(BRCA2):c.2574A>G (p.Arg858=),1
CV_2021398,2021398,BRCA1,chr17,43071120,,,NM_007294.4(BRCA1):c.4794T>A (p.Ser1598=),1
CV_2021155,2021155,BRCA2,chr13,32355266,,,NM_000059.4(BRCA2):c.7413A>T (p.Thr2471=),1
CV_2021089,2021089,BRCA2,chr13,32338405,,,NM_000059.4(BRCA2):c.4050T>C (p.His1350=),1
CV_2020820,2020820,BRCA2,chr13,32332351,,,NM_000059.4(BRCA2):c.873A>G (p.Leu291=),1
CV_2020746,2020746,BRCA1,chr17,43104155,,,NM_007294.4(BRCA1):c.408A>G (p.Arg136=),1
CV_2020442,2020442,BRCA2,chr13,32338471,,,NM_000059.4(BRCA2):c.4116T>C (p.Phe1372=),1
CV_2020164,2020164,BRCA2,chr13,32325176,,,NM_000059.4(BRCA2):c.417T>A (p.Leu139=),1
CV_2018953,2018953,BRCA1,chr17,43092495,,,NM_007294.4(BRCA1):c.3036A>G (p.Arg1012=),1
CV_2018733,2018733,BRCA2,chr13,32339737,,,NM_000059.4(BRCA2):c.5382A>T (p.Val1794=),1
CV_2018285,2018285,BRCA2,chr13,32336644,,,NM_000059.4(BRCA2):c.2289T>C (p.His763=),1
CV_2017860,2017860,BRCA2,chr13,32332948,,,NM_000059.4(BRCA2):c.1470A>C (p.Gly490=),1
CV_2017739,2017739,BRCA2,chr13,32363207,,,NM_000059.4(BRCA2):c.8005A>C (p.Arg2669=),1
CV_2016456,2016456,BRCA2,chr13,32396906,,,NM_000059.4(BRCA2):c.9510C>T (p.Asp3170=),1
CV_2015705,2015705,BRCA1,chr17,43093797,,,NM_007294.4(BRCA1):c.1734T>C (p.Ser578=),1
CV_2015350,2015350,BRCA2,chr13,32363374,,,NM_000059.4(BRCA2):c.8172G>T (p.Gly2724=),1
CV_2014249,2014249,BRCA2,chr13,32332906,,,NM_000059.4(BRCA2):c.1428T>G (p.Ser476=),1
CV_2012051,2012051,BRCA2,chr13,32379823,,,NM_000059.4(BRCA2):c.9027T>C (p.Tyr3009=),1
CV_2011740,2011740,BRCA2,chr13,32344559,,,NM_000059.4(BRCA2):c.6843A>G (p.Gly2281=),1
CV_2010446,2010446,BRCA2,chr13,32338810,,,NM_000059.4(BRCA2):c.4455A>T (p.Ile1485=),1
CV_2008784,2008784,BRCA1,chr17,43095916,,,NM_007294.4(BRCA1):c.600A>T (p.Gly200=),1
CV_2008521,2008521,BRCA2,chr13,32338004,,,NM_000059.4(BRCA2):c.3649A>C (p.Arg1217=),1
CV_2008407,2008407,BRCA1,chr17,43094436,,,NM_007294.4(BRCA1):c.1095A>G (p.Arg365=),1
CV_2008129,2008129,BRCA1,chr17,43082513,,,NM_007294.4(BRCA1):c.4248T>C (p.Ala1416=),1
CV_2005554,2005554,BRCA1,chr17,43082495,,,NM_007294.4(BRCA1):c.4266G>T (p.Gly1422=),1
CV_2005552,2005552,BRCA2,chr13,32333356,,,NM_000059.4(BRCA2):c.1878A>G (p.Glu626=),1
CV_2004179,2004179,BRCA2,chr13,32340115,,,NM_000059.4(BRCA2):c.5760T>A (p.Val1920=),1
CV_2003758,2003758,BRCA2,chr13,32336710,,,NM_000059.4(BRCA2):c.2355T>C (p.Ile785=),1
CV_2003208,2003208,BRCA2,chr13,32394867,,,NM_000059.4(BRCA2):c.9435G>A (p.Val3145=),1
CV_2002441,2002441,BRCA1,chr17,43071117,,,NM_007294.4(BRCA1):c.4797A>C (p.Ala1599=),1
CV_2002175,2002175,BRCA2,chr13,32336809,,,NM_000059.4(BRCA2):c.2454T>C (p.Asn818=),1
CV_2000847,2000847,BRCA2,chr13,32331005,,,NM_000059.4(BRCA2):c.768A>C (p.Thr256=),1
CV_2000158,2000158,BRCA2,chr13,32339116,,,NM_000059.4(BRCA2):c.4761T>C (p.Ala1587=),1
CV_2000079,2000079,BRCA1,chr17,43093149,,,NM_007294.4(BRCA1):c.2382A>G (p.Ala794=),1
CV_1999196,1999196,BRCA2,chr13,32340650,,,NM_000059.4(BRCA2):c.6295A>C (p.Arg2099=),1
CV_1998151,1998151,BRCA2,chr13,32340172,,,NM_000059.4(BRCA2):c.5817G>A (p.Leu1939=),1
CV_1997490,1997490,BRCA1,chr17,43092378,,,NM_007294.4(BRCA1):c.3153T>G (p.Thr1051=),1
CV_1996498,1996498,BRCA2,chr13,32336818,,,NM_000059.4(BRCA2):c.2463A>G (p.Val821=),1
CV_1995021,1995021,BRCA1,chr17,43095916,,,NM_007294.4(BRCA1):c.600A>C (p.Gly200=),1
CV_1995015,1995015,BRCA2,chr13,32336863,,,NM_000059.4(BRCA2):c.2508T>C (p.Pro836=),1
CV_1994485,1994485,BRCA2,chr13,32338970,,,NM_000059.4(BRCA2):c.4615T>C (p.Leu1539=),1
CV_1992915,1992915,BRCA2,chr13,32338972,,,NM_000059.4(BRCA2):c.4617G>A (p.Leu1539=),1
CV_1986207,1986207,BRCA2,chr13,32330984,,,NM_000059.4(BRCA2):c.747T>C (p.Ser249=),1
CV_1985340,1985340,BRCA2,chr13,32357771,,,NM_000059.4(BRCA2):c.7647C>T (p.Cys2549=),1
CV_1984211,1984211,BRCA2,chr13,32329486,,,NM_000059.4(BRCA2):c.675T>C (p.Thr225=),1
CV_1983800,1983800,BRCA2,chr13,32332972,,,NM_000059.4(BRCA2):c.1494T>C (p.Phe498=),1
CV_1983523,1983523,BRCA1,chr17,43092783,,,NM_007294.4(BRCA1):c.2748T>C (p.Asn916=),1
CV_1981568,1981568,BRCA2,chr13,32337283,,,NM_000059.4(BRCA2):c.2928C>T (p.Ser976=),1
CV_1975489,1975489,BRCA2,chr13,32337649,,,NM_000059.4(BRCA2):c.3294T>C (p.Asn1098=),1
CV_1975141,1975141,BRCA2,chr13,32319108,,,NM_000059.4(BRCA2):c.99A>G (p.Glu33=),1
CV_1969813,1969813,BRCA2,chr13,32363218,,,NM_000059.4(BRCA2):c.8016A>C (p.Ile2672=),1
CV_1963200,1963200,BRCA2,chr13,32337787,,,NM_000059.4(BRCA2):c.3432G>A (p.Val1144=),1
CV_1961116,1961116,BRCA2,chr13,32340526,,,NM_000059.4(BRCA2):c.6171A>C (p.Gly2057=),1
CV_1956825,1956825,BRCA2,chr13,32336857,,,NM_000059.4(BRCA2):c.2502G>A (p.Leu834=),1
CV_1956561,1956561,BRCA2,chr13,32333368,,,NM_000059.4(BRCA2):c.1890A>G (p.Thr630=),1
CV_1949498,1949498,BRCA2,chr13,32316514,,,NM_000059.4(BRCA2):c.54C>G (p.Arg18=),1
CV_1941495,1941495,BRCA1,chr17,43094388,,,NM_007294.4(BRCA1):c.1143A>G (p.Lys381=),1
CV_1932110,1932110,BRCA2,chr13,32362529,,,NM_000059.4(BRCA2):c.7812G>C (p.Leu2604=),1
CV_1930006,1930006,BRCA1,chr17,43092480,,,NM_007294.4(BRCA1):c.3051G>A (p.Glu1017=),1
CV_1926511,1926511,BRCA2,chr13,32398769,,,NM_000059.4(BRCA2):c.10256A>G (p.Ter3419=),1
CV_1920885,1920885,BRCA1,chr17,43099872,,,NM_007294.4(BRCA1):c.450C>T (p.Thr150=),1
CV_1917927,1917927,BRCA1,chr17,43093854,,,NM_007294.4(BRCA1):c.1677T>G (p.Gly559=),1
CV_1897501,1897501,BRCA1,chr17,43093401,,,NM_007294.4(BRCA1):c.2130T>A (p.Thr710=),1
CV_1897441,1897441,BRCA2,chr13,32398482,,,NM_000059.4(BRCA2):c.9969T>A (p.Thr3323=),1
CV_1810394,1810394,LOC126861615,chr12,102851756,,,NM_000277.3(PAH):c.843T>A (p.Pro281=),1
CV_1809547,1809547,BRCA1,chr17,43093983,,,NM_007294.4(BRCA1):c.1548T>C (p.Asp516=),1
CV_1799233,1799233,BRCA2,chr13,32398620,,,NM_000059.4(BRCA2):c.10107T>G (p.Thr3369=),1
CV_1798308,1798308,BRCA2,chr13,32337328,,,NM_000059.4(BRCA2):c.2973C>T (p.Asn991=),1
CV_1798193,1798193,BRCA1,chr17,43092567,,,NM_007294.4(BRCA1):c.2964A>C (p.Ser988=),1
CV_1797057,1797057,BRCA1,chr17,43092660,,,NM_007294.4(BRCA1):c.2871G>A (p.Gln957=),1
CV_1795928,1795928,BRCA1,chr17,43092750,,,NM_007294.4(BRCA1):c.2781A>G (p.Ala927=),1
CV_1794758,1794758,BRCA1,chr17,43092843,,,NM_007294.4(BRCA1):c.2688T>C (p.Ser896=),1
CV_1793557,1793557,BRCA2,chr13,32398608,,,NM_000059.4(BRCA2):c.10095C>G (p.Val3365=),1
CV_1793467,1793467,BRCA1,chr17,43092942,,,NM_007294.4(BRCA1):c.2589T>G (p.Val863=),1
CV_1792948,1792948,BRCA1,chr17,43092981,,,NM_007294.4(BRCA1):c.2550T>C (p.Ser850=),1
CV_1791066,1791066,BRCA1,chr17,43093107,,,NM_007294.4(BRCA1):c.2424T>C (p.Phe808=),1
CV_1790318,1790318,BRCA1,chr17,43093158,,,NM_007294.4(BRCA1):c.2373A>G (p.Leu791=),1
CV_1789601,1789601,BRCA2,chr13,32336677,,,NM_000059.4(BRCA2):c.2322T>C (p.Thr774=),1
CV_1789301,1789301,BRCA1,chr17,43093230,,,NM_007294.4(BRCA1):c.2301C>T (p.Ser767=),1
CV_1788420,1788420,BRCA1,chr17,43093281,,,NM_007294.4(BRCA1):c.2250C>T (p.Leu750=),1
CV_1786893,1786893,BRCA1,chr17,43093371,,,NM_007294.4(BRCA1):c.2160A>G (p.Glu720=),1
CV_1786134,1786134,BRCA1,chr17,43093419,,,NM_007294.4(BRCA1):c.2112T>C (p.Asn704=),1
CV_1786090,1786090,BRCA2,chr13,32319219,,,NM_000059.4(BRCA2):c.210T>G (p.Ser70=),1
CV_1782448,1782448,BRCA1,chr17,43093623,,,NM_007294.4(BRCA1):c.1908T>C (p.Cys636=),1
CV_1782335,1782335,BRCA2,chr13,32333380,,,NM_000059.4(BRCA2):c.1902T>C (p.Ala634=),1
CV_1782000,1782000,BRCA2,chr13,32333365,,,NM_000059.4(BRCA2):c.1887T>A (p.Leu629=),1
CV_1780812,1780812,BRCA2,chr13,32333302,,,NM_000059.4(BRCA2):c.1824C>T (p.Asp608=),1
CV_1780606,1780606,BRCA2,chr13,32333290,,,NM_000059.4(BRCA2):c.1812A>G (p.Lys604=),1
CV_1780288,1780288,BRCA2,chr13,32333275,,,NM_000059.4(BRCA2):c.1797T>C (p.Ser599=),1
CV_1780070,1780070,BRCA1,chr17,43093746,,,NM_007294.4(BRCA1):c.1785A>G (p.Glu595=),1
CV_1778627,1778627,BRCA1,chr17,43093815,,,NM_007294.4(BRCA1):c.1716A>G (p.Glu572=),1
CV_1776769,1776769,BRCA2,chr13,32333107,,,NM_000059.4(BRCA2):c.1629T>C (p.His543=),1
CV_1776604,1776604,BRCA1,chr17,43093911,,,NM_007294.4(BRCA1):c.1620G>A (p.Glu540=),1
CV_1776131,1776131,BRCA2,chr13,32316475,,,NM_000059.4(BRCA2):c.15C>A (p.Ser5=),1
CV_1776008,1776008,BRCA2,chr13,32333074,,,NM_000059.4(BRCA2):c.1596A>G (p.Glu532=),1
CV_1774138,1774138,BRCA2,chr13,32332987,,,NM_000059.4(BRCA2):c.1509G>A (p.Lys503=),1
CV_1772130,1772130,BRCA1,chr17,43094115,,,NM_007294.4(BRCA1):c.1416C>A (p.Pro472=),1
CV_1771646,1771646,BRCA1,chr17,43094135,,,NM_007294.4(BRCA1):c.1396C>A (p.Arg466=),1
CV_1769455,1769455,BRCA2,chr13,32332781,,,NM_000059.4(BRCA2):c.1303A>C (p.Arg435=),1
CV_1768867,1768867,BRCA1,chr17,43094532,,,NM_007294.4(BRCA1):c.999T>C (p.Thr333=),1
CV_1768399,1768399,BRCA1,chr17,43094547,,,NM_007294.4(BRCA1):c.984T>C (p.Cys328=),1
CV_1768301,1768301,BRCA1,chr17,43094550,,,NM_007294.4(BRCA1):c.981A>T (p.Thr327=),1
CV_1768185,1768185,BRCA2,chr13,32398302,,,NM_000059.4(BRCA2):c.9789G>A (p.Lys3263=),1
CV_1768150,1768150,BRCA2,chr13,32398287,,,NM_000059.4(BRCA2):c.9774G>A (p.Glu3258=),1
CV_1768048,1768048,BRCA2,chr13,32332759,,,NM_000059.4(BRCA2):c.1281C>T (p.Asp427=),1
CV_1768026,1768026,BRCA2,chr13,32398245,,,NM_000059.4(BRCA2):c.9732C>T (p.Val3244=),1
CV_1767827,1767827,BRCA1,chr17,43094562,,,NM_007294.4(BRCA1):c.969A>G (p.Gly323=),1
CV_1767711,1767711,BRCA2,chr13,32398179,,,NM_000059.4(BRCA2):c.9666T>C (p.Cys3222=),1
CV_1767663,1767663,BRCA2,chr13,32397044,,,NM_000059.4(BRCA2):c.9648G>A (p.Leu3216=),1
CV_1766915,1766915,BRCA2,chr13,32394855,,,NM_000059.4(BRCA2):c.9423A>G (p.Gly3141=),1
CV_1765849,1765849,BRCA2,chr13,32379907,,,NM_000059.4(BRCA2):c.9111A>G (p.Gln3037=),1
CV_1765547,1765547,BRCA2,chr13,32379835,,,NM_000059.4(BRCA2):c.9039T>A (p.Thr3013=),1
CV_1765099,1765099,BRCA2,chr13,32332369,,,NM_000059.4(BRCA2):c.891A>G (p.Glu297=),1
CV_1765009,1765009,BRCA2,chr13,32379457,,,NM_000059.4(BRCA2):c.8895T>C (p.Asp2965=),1
CV_1763733,1763733,BRCA2,chr13,32332330,,,NM_000059.4(BRCA2):c.852A>C (p.Gly284=),1
CV_1763483,1763483,BRCA1,chr17,43094685,,,NM_007294.4(BRCA1):c.846A>T (p.Ser282=),1
CV_1761826,1761826,BRCA2,chr13,32363260,,,NM_000059.4(BRCA2):c.8058T>C (p.Leu2686=),1
CV_1761414,1761414,BRCA2,chr13,32362685,,,NM_000059.4(BRCA2):c.7968A>G (p.Leu2656=),1
CV_1760873,1760873,BRCA2,chr13,32362566,,,NM_000059.4(BRCA2):c.7849A>C (p.Arg2617=),1
CV_1760472,1760472,BRCA2,chr13,32357879,,,NM_000059.4(BRCA2):c.7755A>T (p.Gly2585=),1
CV_1760279,1760279,BRCA2,chr13,32357837,,,NM_000059.4(BRCA2):c.7713A>G (p.Glu2571=),1
CV_1759543,1759543,BRCA2,chr13,32356558,,,NM_000059.4(BRCA2):c.7566T>C (p.Ser2522=),1
CV_1759406,1759406,BRCA2,chr13,32356528,,,NM_000059.4(BRCA2):c.7536T>G (p.Leu2512=),1
CV_1759335,1759335,BRCA2,chr13,32356513,,,NM_000059.4(BRCA2):c.7521A>C (p.Pro2507=),1
CV_1759071,1759071,BRCA2,chr13,32356465,,,NM_000059.4(BRCA2):c.7473G>A (p.Gln2491=),1
CV_1758521,1758521,BRCA2,chr13,32355215,,,NM_000059.4(BRCA2):c.7362T>A (p.Ile2454=),1
CV_1758389,1758389,BRCA2,chr13,32355185,,,NM_000059.4(BRCA2):c.7332T>C (p.Asp2444=),1
CV_1758321,1758321,BRCA2,chr13,32355173,,,NM_000059.4(BRCA2):c.7320T>C (p.His2440=),1
CV_1758107,1758107,BRCA2,chr13,32355143,,,NM_000059.4(BRCA2):c.7290A>G (p.Glu2430=),1
CV_1758038,1758038,BRCA2,chr13,32355131,,,NM_000059.4(BRCA2):c.7278T>C (p.Ile2426=),1
CV_1757599,1757599,BRCA1,chr17,43094511,,,NM_007294.4(BRCA1):c.1020A>G (p.Val340=),1
CV_1756632,1756632,BRCA2,chr13,32316466,,,NM_000059.4(BRCA2):c.6T>A (p.Pro2=),1
CV_1755659,1755659,BRCA2,chr13,32341180,,,NM_000059.4(BRCA2):c.6825G>A (p.Glu2275=),1
CV_1755586,1755586,BRCA2,chr13,32341168,,,NM_000059.4(BRCA2):c.6813A>G (p.Lys2271=),1
CV_1755313,1755313,BRCA2,chr13,32341117,,,NM_000059.4(BRCA2):c.6762T>C (p.Phe2254=),1
CV_1754445,1754445,BRCA2,chr13,32340964,,,NM_000059.4(BRCA2):c.6609T>G (p.Val2203=),1
CV_1753939,1753939,BRCA2,chr13,32340862,,,NM_000059.4(BRCA2):c.6507C>T (p.Thr2169=),1
CV_1752745,1752745,BRCA2,chr13,32340658,,,NM_000059.4(BRCA2):c.6303T>C (p.Asn2101=),1
CV_1752672,1752672,BRCA2,chr13,32340649,,,NM_000059.4(BRCA2):c.6294T>G (p.Ser2098=),1
CV_1752114,1752114,BRCA2,chr13,32326600,,,NM_000059.4(BRCA2):c.618T>C (p.Ser206=),1
CV_1751454,1751454,BRCA2,chr13,32340436,,,NM_000059.4(BRCA2):c.6081A>G (p.Arg2027=),1
CV_1750222,1750222,BRCA2,chr13,32340232,,,NM_000059.4(BRCA2):c.5877A>G (p.Lys1959=),1
CV_1748851,1748851,BRCA2,chr13,32326546,,,NM_000059.4(BRCA2):c.564G>A (p.Val188=),1
CV_1748394,1748394,BRCA1,chr17,43045693,,,NM_007294.4(BRCA1):c.5577C>T (p.Pro1859=),1
CV_1747461,1747461,BRCA1,chr17,43047686,,,NM_007294.4(BRCA1):c.5424G>A (p.Val1808=),1
CV_1747172,1747172,BRCA2,chr13,32326519,,,NM_000059.4(BRCA2):c.537T>C (p.His179=),1
CV_1746974,1746974,BRCA1,chr17,43099788,,,NM_007294.4(BRCA1):c.534C>A (p.Val178=),1
CV_1746885,1746885,BRCA2,chr13,32339686,,,NM_000059.4(BRCA2):c.5331G>A (p.Lys1777=),1
CV_1746000,1746000,BRCA1,chr17,43099803,,,NM_007294.4(BRCA1):c.519T>G (p.Pro173=),1
CV_1745737,1745737,BRCA2,chr13,32339518,,,NM_000059.4(BRCA2):c.5163C>T (p.Asn1721=),1
CV_1745511,1745511,BRCA2,chr13,32339482,,,NM_000059.4(BRCA2):c.5127T>C (p.Asp1709=),1
CV_1745500,1745500,BRCA2,chr13,32339479,,,NM_000059.4(BRCA2):c.5124A>G (p.Ala1708=),1
CV_1745017,1745017,BRCA1,chr17,43099818,,,NM_007294.4(BRCA1):c.504G>A (p.Lys168=),1
CV_1743890,1743890,BRCA2,chr13,32339254,,,NM_000059.4(BRCA2):c.4899C>A (p.Ile1633=),1
CV_1743662,1743662,BRCA2,chr13,32339221,,,NM_000059.4(BRCA2):c.4866A>G (p.Arg1622=),1
CV_1743299,1743299,BRCA2,chr13,32339167,,,NM_000059.4(BRCA2):c.4812T>C (p.Leu1604=),1
CV_1742669,1742669,BRCA1,chr17,43071192,,,NM_007294.4(BRCA1):c.4722C>T (p.Asp1574=),1
CV_1742635,1742635,BRCA1,chr17,43094349,,,NM_007294.4(BRCA1):c.1182T>A (p.Gly394=),1
CV_1742207,1742207,BRCA1,chr17,43074350,,,NM_007294.4(BRCA1):c.4656C>T (p.Tyr1552=),1
CV_1742063,1742063,BRCA2,chr13,32338990,,,NM_000059.4(BRCA2):c.4635T>G (p.Leu1545=),1
CV_1741526,1741526,BRCA1,chr17,43074437,,,NM_007294.4(BRCA1):c.4569A>G (p.Pro1523=),1
CV_1741464,1741464,BRCA2,chr13,32338912,,,NM_000059.4(BRCA2):c.4557T>G (p.Pro1519=),1
CV_1740873,1740873,BRCA2,chr13,32326122,,,NM_000059.4(BRCA2):c.447A>G (p.Thr149=),1
CV_1740852,1740852,BRCA1,chr17,43076496,,,NM_007294.4(BRCA1):c.4476A>G (p.Gly1492=),1
CV_1740725,1740725,BRCA1,chr17,43076517,,,NM_007294.4(BRCA1):c.4455C>T (p.Thr1485=),1
CV_1740717,1740717,BRCA1,chr17,43076520,,,NM_007294.4(BRCA1):c.4452T>G (p.Ser1484=),1
CV_1740301,1740301,BRCA1,chr17,43094357,,,NM_007294.4(BRCA1):c.1174C>T (p.Leu392=),1
CV_1739640,1739640,BRCA2,chr13,32338666,,,NM_000059.4(BRCA2):c.4311T>C (p.Ser1437=),1
CV_1738914,1738914,BRCA2,chr13,32338585,,,NM_000059.4(BRCA2):c.4230T>G (p.Thr1410=),1
CV_1738678,1738678,BRCA2,chr13,32338558,,,NM_000059.4(BRCA2):c.4203T>C (p.Gly1401=),1
CV_1738034,1738034,BRCA2,chr13,32338477,,,NM_000059.4(BRCA2):c.4122G>A (p.Lys1374=),1
CV_1737383,1737383,BRCA2,chr13,32338408,,,NM_000059.4(BRCA2):c.4053A>G (p.Lys1351=),1
CV_1737364,1737364,BRCA1,chr17,43091481,,,NM_007294.4(BRCA1):c.4050C>G (p.Gly1350=),1
CV_1736707,1736707,BRCA1,chr17,43091550,,,NM_007294.4(BRCA1):c.3981G>A (p.Gln1327=),1
CV_1736267,1736267,LOC126862571,chr17,43091601,,,NM_007294.4(BRCA1):c.3930A>G (p.Thr1310=),1
CV_1736064,1736064,BRCA2,chr13,32338261,,,NM_000059.4(BRCA2):c.3906T>C (p.Thr1302=),1
CV_1735905,1735905,BRCA1,chr17,43091640,,,NM_007294.4(BRCA1):c.3891T>G (p.Ser1297=),1
CV_1735753,1735753,BRCA2,chr13,32338231,,,NM_000059.4(BRCA2):c.3876G>C (p.Leu1292=),1
CV_1735727,1735727,BRCA2,chr13,32338228,,,NM_000059.4(BRCA2):c.3873A>G (p.Gln1291=),1
CV_1735537,1735537,BRCA2,chr13,32338207,,,NM_000059.4(BRCA2):c.3852T>C (p.Ser1284=),1
CV_1732938,1732938,BRCA2,chr13,32337940,,,NM_000059.4(BRCA2):c.3585G>T (p.Leu1195=),1
CV_1732936,1732936,BRCA2,chr13,32337940,,,NM_000059.4(BRCA2):c.3585G>A (p.Leu1195=),1
CV_1732750,1732750,BRCA2,chr13,32337922,,,NM_000059.4(BRCA2):c.3567A>G (p.Lys1189=),1
CV_1732623,1732623,BRCA1,chr17,43091976,,,NM_007294.4(BRCA1):c.3555G>A (p.Glu1185=),1
CV_1732265,1732265,BRCA2,chr13,32325110,,,NM_000059.4(BRCA2):c.351T>C (p.Leu117=),1
CV_1732122,1732122,LOC126862571,chr17,43092024,,,NM_007294.4(BRCA1):c.3507C>T (p.Asp1169=),1
CV_1730782,1730782,BRCA1,chr17,43092153,,,NM_007294.4(BRCA1):c.3378A>T (p.Pro1126=),1
CV_1730632,1730632,BRCA2,chr13,32337718,,,NM_000059.4(BRCA2):c.3363A>G (p.Ser1121=),1
CV_1730564,1730564,LOC126862571,chr17,43092174,,,NM_007294.4(BRCA1):c.3357T>G (p.Thr1119=),1
CV_1729339,1729339,BRCA2,chr13,32337601,,,NM_000059.4(BRCA2):c.3246A>G (p.Lys1082=),1
CV_1729140,1729140,BRCA2,chr13,32337583,,,NM_000059.4(BRCA2):c.3228A>G (p.Val1076=),1
CV_1728976,1728976,BRCA2,chr13,32337569,,,NM_000059.4(BRCA2):c.3214T>C (p.Leu1072=),1
CV_1728353,1728353,BRCA1,chr17,43092366,,,NM_007294.4(BRCA1):c.3165C>G (p.Gly1055=),1
CV_1728027,1728027,BRCA1,chr17,43092393,,,NM_007294.4(BRCA1):c.3138A>G (p.Glu1046=),1
CV_1727663,1727663,BRCA1,chr17,43092429,,,NM_007294.4(BRCA1):c.3102T>C (p.Asn1034=),1
CV_1723330,1723330,BRCA1,chr17,43092861,,,NM_007294.4(BRCA1):c.2670G>A (p.Gly890=),1
CV_1698545,1698545,BRCA2,chr13,32398587,,,NM_000059.4(BRCA2):c.10074A>G (p.Gly3358=),1
CV_1696295,1696295,BRCA1,chr17,43082444,,,NM_007294.4(BRCA1):c.4317T>C (p.Leu1439=),1
CV_1692986,1692986,BRCA1,chr17,43094652,,,NM_007294.4(BRCA1):c.879T>C (p.Thr293=),1
CV_1692965,1692965,BRCA1,chr17,43104191,,,NM_007294.4(BRCA1):c.372C>T (p.Ile124=),1
CV_1692125,1692125,BRCA2,chr13,32341147,,,NM_000059.4(BRCA2):c.6792G>A (p.Leu2264=),1
CV_1692104,1692104,BRCA2,chr13,32332783,,,NM_000059.4(BRCA2):c.1305A>G (p.Arg435=),1
CV_1677194,1677194,BRCA1,chr17,43092711,,,NM_007294.4(BRCA1):c.2820T>C (p.Asp940=),1
CV_1674565,1674565,BRCA1,chr17,43124022,,,NM_007294.4(BRCA1):c.75C>A (p.Pro25=),1
CV_1673661,1673661,BRCA2,chr13,32338738,,,NM_000059.4(BRCA2):c.4383C>A (p.Ser1461=),1
CV_1672520,1672520,BRCA2,chr13,32337472,,,NM_000059.4(BRCA2):c.3117T>C (p.Pro1039=),1
CV_1672042,1672042,BRCA2,chr13,32340043,,,NM_000059.4(BRCA2):c.5688A>C (p.Ala1896=),1
CV_1671988,1671988,BRCA2,chr13,32339497,,,NM_000059.4(BRCA2):c.5142T>C (p.Tyr1714=),1
CV_1671573,1671573,BRCA2,chr13,32398395,,,NM_000059.4(BRCA2):c.9882A>G (p.Ala3294=),1
CV_1671400,1671400,BRCA2,chr13,32398305,,,NM_000059.4(BRCA2):c.9792C>T (p.Asn3264=),1
CV_1670591,1670591,BRCA2,chr13,32394759,,,NM_000059.4(BRCA2):c.9327T>C (p.Leu3109=),1
CV_1670575,1670575,BRCA1,chr17,43092900,,,NM_007294.4(BRCA1):c.2631T>C (p.Asn877=),1
CV_1669837,1669837,BRCA2,chr13,32337403,,,NM_000059.4(BRCA2):c.3048A>G (p.Glu1016=),1
CV_1669663,1669663,BRCA1,chr17,43093413,,,NM_007294.4(BRCA1):c.2118T>C (p.Pro706=),1
CV_1669658,1669658,BRCA2,chr13,32336357,,,NM_000059.4(BRCA2):c.2002A>C (p.Arg668=),1
CV_1668829,1668829,BRCA2,chr13,32355245,,,NM_000059.4(BRCA2):c.7392A>G (p.Gln2464=),1
CV_1668515,1668515,BRCA1,chr17,43099842,,,NM_007294.4(BRCA1):c.480A>G (p.Gly160=),1
CV_1668499,1668499,BRCA1,chr17,43092414,,,NM_007294.4(BRCA1):c.3117C>T (p.Ala1039=),1
CV_1667439,1667439,BRCA1,chr17,43093629,,,NM_007294.4(BRCA1):c.1902T>A (p.Pro634=),1
CV_1666944,1666944,BRCA1,chr17,43093617,,,NM_007294.4(BRCA1):c.1914A>G (p.Glu638=),1
CV_1666943,1666943,BRCA2,chr13,32336852,,,NM_000059.4(BRCA2):c.2497C>T (p.Leu833=),1
CV_1665575,1665575,BRCA2,chr13,32339386,,,NM_000059.4(BRCA2):c.5031A>G (p.Arg1677=),1
CV_1664781,1664781,BRCA1,chr17,43094583,,,NM_007294.4(BRCA1):c.948C>T (p.Ser316=),1
CV_1664374,1664374,BRCA1,chr17,43099794,,,NM_007294.4(BRCA1):c.528G>T (p.Thr176=),1
CV_1664022,1664022,BRCA2,chr13,32339200,,,NM_000059.4(BRCA2):c.4845C>G (p.Leu1615=),1
CV_1663069,1663069,BRCA1,chr17,43093920,,,NM_007294.4(BRCA1):c.1611C>T (p.Asn537=),1
CV_1662785,1662785,BRCA2,chr13,32319267,,,NM_000059.4(BRCA2):c.258G>C (p.Leu86=),1
CV_1662193,1662193,BRCA2,chr13,32339776,,,NM_000059.4(BRCA2):c.5421T>C (p.Asp1807=),1
CV_1661264,1661264,BRCA2,chr13,32332918,,,NM_000059.4(BRCA2):c.1440C>T (p.Cys480=),1
CV_1661242,1661242,BRCA2,chr13,32355254,,,NM_000059.4(BRCA2):c.7401T>C (p.Ala2467=),1
CV_1659729,1659729,BRCA2,chr13,32341123,,,NM_000059.4(BRCA2):c.6768T>C (p.Cys2256=),1
CV_1659506,1659506,BRCA2,chr13,32355284,,,NM_000059.4(BRCA2):c.7431T>A (p.Pro2477=),1
CV_1658739,1658739,BRCA2,chr13,32336633,,,NM_000059.4(BRCA2):c.2278T>C (p.Leu760=),1
CV_1658310,1658310,BRCA2,chr13,32338873,,,NM_000059.4(BRCA2):c.4518C>T (p.Phe1506=),1
CV_1658093,1658093,LOC126862571,chr17,43092132,,,NM_007294.4(BRCA1):c.3399A>G (p.Leu1133=),1
CV_1657967,1657967,BRCA2,chr13,32339320,,,NM_000059.4(BRCA2):c.4965C>T (p.Tyr1655=),1
CV_1657404,1657404,BRCA1,chr17,43093836,,,NM_007294.4(BRCA1):c.1695G>A (p.Glu565=),1
CV_1657229,1657229,BRCA2,chr13,32340520,,,NM_000059.4(BRCA2):c.6165C>T (p.Phe2055=),1
CV_1656301,1656301,BRCA1,chr17,43071216,,,NM_007294.4(BRCA1):c.4698T>C (p.Ser1566=),1
CV_1656292,1656292,BRCA1,chr17,43093695,,,NM_007294.4(BRCA1):c.1836G>A (p.Arg612=),1
CV_1655517,1655517,LOC126862571,chr17,43092060,,,NM_007294.4(BRCA1):c.3471T>G (p.Gly1157=),1
CV_1655387,1655387,BRCA1,chr17,43099782,,,NM_007294.4(BRCA1):c.540T>C (p.Ile180=),1
CV_1655384,1655384,BRCA1,chr17,43099821,,,NM_007294.4(BRCA1):c.501A>G (p.Thr167=),1
CV_1655383,1655383,BRCA1,chr17,43071114,,,NM_007294.4(BRCA1):c.4800G>A (p.Leu1600=),1
CV_1654865,1654865,BRCA2,chr13,32341150,,,NM_000059.4(BRCA2):c.6795A>G (p.Ser2265=),1
CV_1654850,1654850,BRCA2,chr13,32356513,,,NM_000059.4(BRCA2):c.7521A>T (p.Pro2507=),1
CV_1654107,1654107,BRCA1,chr17,43094784,,,NM_007294.4(BRCA1):c.747T>G (p.Thr249=),1
CV_1652986,1652986,BRCA2,chr13,32357834,,,NM_000059.4(BRCA2):c.7710G>A (p.Lys2570=),1
CV_1652703,1652703,BRCA1,chr17,43092942,,,NM_007294.4(BRCA1):c.2589T>C (p.Val863=),1
CV_1651870,1651870,BRCA2,chr13,32355122,,,NM_000059.4(BRCA2):c.7269T>C (p.Val2423=),1
CV_1651795,1651795,BRCA2,chr13,32344613,,,NM_000059.4(BRCA2):c.6897T>C (p.Asn2299=),1
CV_1651661,1651661,BRCA2,chr13,32332670,,,NM_000059.4(BRCA2):c.1192C>T (p.Leu398=),1
CV_1651656,1651656,BRCA1,chr17,43071144,,,NM_007294.4(BRCA1):c.4770T>C (p.Val1590=),1
CV_1650952,1650952,BRCA2,chr13,32333041,,,NM_000059.4(BRCA2):c.1563A>G (p.Ser521=),1
CV_1650941,1650941,BRCA2,chr13,32363386,,,NM_000059.4(BRCA2):c.8184T>C (p.Val2728=),1
CV_1650294,1650294,BRCA1,chr17,43076532,,,NM_007294.4(BRCA1):c.4440T>G (p.Ser1480=),1
CV_1649738,1649738,BRCA1,chr17,43094616,,,NM_007294.4(BRCA1):c.915T>C (p.Cys305=),1
CV_1649720,1649720,BRCA2,chr13,32336797,,,NM_000059.4(BRCA2):c.2442C>A (p.Pro814=),1
CV_1646290,1646290,BRCA2,chr13,32332594,,,NM_000059.4(BRCA2):c.1116T>C (p.Asn372=),1
CV_1645617,1645617,BRCA2,chr13,32357900,,,NM_000059.4(BRCA2):c.7776T>C (p.Asp2592=),1
CV_1641728,1641728,BRCA2,chr13,32355155,,,NM_000059.4(BRCA2):c.7302G>A (p.Lys2434=),1
CV_1639616,1639616,BRCA1,chr17,43093160,,,NM_007294.4(BRCA1):c.2371C>T (p.Leu791=),1
CV_1639409,1639409,BRCA2,chr13,32340319,,,NM_000059.4(BRCA2):c.5964A>G (p.Val1988=),1
CV_1638639,1638639,BRCA2,chr13,32338957,,,NM_000059.4(BRCA2):c.4602T>A (p.Ile1534=),1
CV_1638396,1638396,BRCA2,chr13,32333209,,,NM_000059.4(BRCA2):c.1731A>G (p.Ala577=),1
CV_1636740,1636740,BRCA2,chr13,32325170,,,NM_000059.4(BRCA2):c.411T>C (p.Ser137=),1
CV_1636391,1636391,BRCA1,chr17,43094409,,,NM_007294.4(BRCA1):c.1122A>G (p.Thr374=),1
CV_1635943,1635943,BRCA2,chr13,32346867,,,NM_000059.4(BRCA2):c.6978T>C (p.Ser2326=),1
CV_1635939,1635939,BRCA2,chr13,32363482,,,NM_000059.4(BRCA2):c.8280C>T (p.Gly2760=),1
CV_1635542,1635542,BRCA1,chr17,43092603,,,NM_007294.4(BRCA1):c.2928C>T (p.Asn976=),1
CV_1635535,1635535,BRCA2,chr13,32330924,,,NM_000059.4(BRCA2):c.687G>A (p.Val229=),1
CV_1634300,1634300,BRCA2,chr13,32341114,,,NM_000059.4(BRCA2):c.6759T>A (p.Leu2253=),1
CV_1634091,1634091,BRCA1,chr17,43091799,,,NM_007294.4(BRCA1):c.3732T>C (p.His1244=),1
CV_1633864,1633864,BRCA2,chr13,32337037,,,NM_000059.4(BRCA2):c.2682A>T (p.Val894=),1
CV_1632260,1632260,BRCA2,chr13,32333053,,,NM_000059.4(BRCA2):c.1575T>G (p.Thr525=),1
CV_1631967,1631967,BRCA2,chr13,32394894,,,NM_000059.4(BRCA2):c.9462C>T (p.His3154=),1
CV_1630481,1630481,BRCA1,chr17,43094142,,,NM_007294.4(BRCA1):c.1389A>G (p.Lys463=),1
CV_1627612,1627612,BRCA2,chr13,32319271,,,NM_000059.4(BRCA2):c.262C>T (p.Leu88=),1
CV_1625999,1625999,BRCA1,chr17,43074497,,,NM_007294.4(BRCA1):c.4509A>G (p.Ser1503=),1
CV_1625779,1625779,BRCA2,chr13,32398359,,,NM_000059.4(BRCA2):c.9846T>G (p.Pro3282=),1
CV_1624405,1624405,BRCA2,chr13,32336692,,,NM_000059.4(BRCA2):c.2337G>C (p.Leu779=),1
CV_1623380,1623380,BRCA2,chr13,32339608,,,NM_000059.4(BRCA2):c.5253C>T (p.Tyr1751=),1
CV_1621340,1621340,BRCA1,chr17,43082558,,,NM_007294.4(BRCA1):c.4203A>G (p.Gln1401=),1
CV_1621034,1621034,BRCA2,chr13,32357864,,,NM_000059.4(BRCA2):c.7740G>A (p.Gln2580=),1
CV_1620652,1620652,BRCA1,chr17,43091655,,,NM_007294.4(BRCA1):c.3876T>C (p.Ser1292=),1
CV_1620441,1620441,BRCA1,chr17,43093887,,,NM_007294.4(BRCA1):c.1644T>C (p.Ile548=),1
CV_1619219,1619219,BRCA1,chr17,43094424,,,NM_007294.4(BRCA1):c.1107T>C (p.Asp369=),1
CV_1617697,1617697,BRCA2,chr13,32371051,,,NM_000059.4(BRCA2):c.8583A>G (p.Arg2861=),1
CV_1617691,1617691,BRCA1,chr17,43093323,,,NM_007294.4(BRCA1):c.2208A>G (p.Glu736=),1
CV_1615515,1615515,BRCA2,chr13,32398377,,,NM_000059.4(BRCA2):c.9864A>C (p.Thr3288=),1
CV_1614057,1614057,BRCA2,chr13,32332774,,,NM_000059.4(BRCA2):c.1296G>A (p.Glu432=),1
CV_1612159,1612159,BRCA1,chr17,43094286,,,NM_007294.4(BRCA1):c.1245T>G (p.Val415=),1
CV_1611846,1611846,BRCA2,chr13,32325164,,,NM_000059.4(BRCA2):c.405A>C (p.Leu135=),1
CV_1611577,1611577,BRCA1,chr17,43074416,,,NM_007294.4(BRCA1):c.4590G>A (p.Lys1530=),1
CV_1611517,1611517,BRCA2,chr13,32326146,,,NM_000059.4(BRCA2):c.471G>A (p.Lys157=),1
CV_1611217,1611217,BRCA2,chr13,32339089,,,NM_000059.4(BRCA2):c.4734A>G (p.Leu1578=),1
CV_1610957,1610957,BRCA1,chr17,43094682,,,NM_007294.4(BRCA1):c.849A>G (p.Leu283=),1
CV_1610035,1610035,BRCA1,chr17,43093659,,,NM_007294.4(BRCA1):c.1872A>G (p.Glu624=),1
CV_1608867,1608867,BRCA2,chr13,32346876,,,NM_000059.4(BRCA2):c.6987G>T (p.Pro2329=),1
CV_1608816,1608816,BRCA2,chr13,32338993,,,NM_000059.4(BRCA2):c.4638T>C (p.Phe1546=),1
CV_1608319,1608319,BRCA2,chr13,32333206,,,NM_000059.4(BRCA2):c.1728T>C (p.Asn576=),1
CV_1608315,1608315,BRCA2,chr13,32363446,,,NM_000059.4(BRCA2):c.8244T>C (p.Gly2748=),1
CV_1608079,1608079,BRCA2,chr13,32316514,,,NM_000059.4(BRCA2):c.54C>T (p.Arg18=),1
CV_1606323,1606323,BRCA1,chr17,43092858,,,NM_007294.4(BRCA1):c.2673C>G (p.Ser891=),1
CV_1606305,1606305,BRCA2,chr13,32338363,,,NM_000059.4(BRCA2):c.4008T>C (p.Phe1336=),1
CV_1605920,1605920,BRCA2,chr13,32363482,,,NM_000059.4(BRCA2):c.8280C>G (p.Gly2760=),1
CV_1604870,1604870,BRCA2,chr13,32338519,,,NM_000059.4(BRCA2):c.4164T>C (p.Thr1388=),1
CV_1604843,1604843,BRCA2,chr13,32398236,,,NM_000059.4(BRCA2):c.9723C>A (p.Ser3241=),1
CV_1604662,1604662,BRCA2,chr13,32363413,,,NM_000059.4(BRCA2):c.8211A>G (p.Leu2737=),1
CV_1604019,1604019,BRCA2,chr13,32341153,,,NM_000059.4(BRCA2):c.6798T>C (p.Asn2266=),1
CV_1602394,1602394,BRCA2,chr13,32336356,,,NM_000059.4(BRCA2):c.2001G>C (p.Leu667=),1
CV_1602312,1602312,BRCA1,chr17,43094067,,,NM_007294.4(BRCA1):c.1464T>A (p.Thr488=),1
CV_1601871,1601871,BRCA2,chr13,32325080,,,NM_000059.4(BRCA2):c.321G>A (p.Arg107=),1
CV_1595500,1595500,BRCA2,chr13,32332378,,,NM_000059.4(BRCA2):c.900A>G (p.Val300=),1
CV_1592869,1592869,BRCA2,chr13,32325089,,,NM_000059.4(BRCA2):c.330C>T (p.Pro110=),1
CV_1591737,1591737,BRCA2,chr13,32355074,,,NM_000059.4(BRCA2):c.7221T>A (p.Val2407=),1
CV_1591480,1591480,BRCA2,chr13,32333135,,,NM_000059.4(BRCA2):c.1657T>C (p.Leu553=),1
CV_1591221,1591221,BRCA2,chr13,32339638,,,NM_000059.4(BRCA2):c.5283A>T (p.Gly1761=),1
CV_1591219,1591219,BRCA2,chr13,32338837,,,NM_000059.4(BRCA2):c.4482T>C (p.Ser1494=),1
CV_1588586,1588586,BRCA2,chr13,32340601,,,NM_000059.4(BRCA2):c.6246A>G (p.Glu2082=),1
CV_1587904,1587904,BRCA2,chr13,32338096,,,NM_000059.4(BRCA2):c.3741T>C (p.Ile1247=),1
CV_1587696,1587696,BRCA2,chr13,32379502,,,NM_000059.4(BRCA2):c.8940A>G (p.Lys2980=),1
CV_1585010,1585010,BRCA2,chr13,32338276,,,NM_000059.4(BRCA2):c.3921A>G (p.Glu1307=),1
CV_1584564,1584564,BRCA2,chr13,32354945,,,NM_000059.4(BRCA2):c.7092A>G (p.Glu2364=),1
CV_1583986,1583986,BRCA1,chr17,43095880,,,NM_007294.4(BRCA1):c.636C>T (p.Thr212=),1
CV_1581746,1581746,BRCA2,chr13,32336521,,,NM_000059.4(BRCA2):c.2166A>G (p.Lys722=),1
CV_1580950,1580950,BRCA2,chr13,32336554,,,NM_000059.4(BRCA2):c.2199C>G (p.Val733=),1
CV_1579116,1579116,BRCA2,chr13,32356546,,,NM_000059.4(BRCA2):c.7554G>C (p.Leu2518=),1
CV_1577755,1577755,BRCA1,chr17,43099827,,,NM_007294.4(BRCA1):c.495G>C (p.Leu165=),1
CV_1576604,1576604,BRCA2,chr13,32337667,,,NM_000059.4(BRCA2):c.3312A>G (p.Thr1104=),1
CV_1574766,1574766,BRCA1,chr17,43091442,,,NM_007294.4(BRCA1):c.4089A>C (p.Ser1363=),1
CV_1574499,1574499,BRCA2,chr13,32341063,,,NM_000059.4(BRCA2):c.6708A>G (p.Glu2236=),1
CV_1573800,1573800,BRCA2,chr13,32339644,,,NM_000059.4(BRCA2):c.5289C>G (p.Leu1763=),1
CV_1573548,1573548,BRCA1,chr17,43094355,,,NM_007294.4(BRCA1):c.1176G>A (p.Leu392=),1
CV_1573501,1573501,BRCA1,chr17,43092588,,,NM_007294.4(BRCA1):c.2943A>G (p.Pro981=),1
CV_1573463,1573463,BRCA1,chr17,43093029,,,NM_007294.4(BRCA1):c.2502A>T (p.Gly834=),1
CV_1573199,1573199,BRCA2,chr13,32332561,,,NM_000059.4(BRCA2):c.1083T>C (p.Asn361=),1
CV_1572572,1572572,BRCA2,chr13,32344562,,,NM_000059.4(BRCA2):c.6846A>G (p.Glu2282=),1
CV_1569076,1569076,BRCA2,chr13,32340136,,,NM_000059.4(BRCA2):c.5781A>G (p.Glu1927=),1
CV_1568964,1568964,BRCA1,chr17,43093359,,,NM_007294.4(BRCA1):c.2172T>C (p.Pro724=),1
CV_1568808,1568808,BRCA1,chr17,43076556,,,NM_007294.4(BRCA1):c.4416T>G (p.Leu1472=),1
CV_1568787,1568787,BRCA2,chr13,32340316,,,NM_000059.4(BRCA2):c.5961G>A (p.Gln1987=),1
CV_1565534,1565534,BRCA2,chr13,32394714,,,NM_000059.4(BRCA2):c.9282A>G (p.Ser3094=),1
CV_1565248,1565248,BRCA1,chr17,43092882,,,NM_007294.4(BRCA1):c.2649A>G (p.Ala883=),1
CV_1563887,1563887,BRCA2,chr13,32398737,,,NM_000059.4(BRCA2):c.10224G>A (p.Lys3408=),1
CV_1563481,1563481,BRCA1,chr17,43093521,,,NM_007294.4(BRCA1):c.2010A>G (p.Glu670=),1
CV_1562969,1562969,BRCA2,chr13,32340298,,,NM_000059.4(BRCA2):c.5943A>C (p.Ala1981=),1
CV_1561159,1561159,BRCA1,chr17,43093128,,,NM_007294.4(BRCA1):c.2403T>C (p.Cys801=),1
CV_1560982,1560982,BRCA1,chr17,43093674,,,NM_007294.4(BRCA1):c.1857T>C (p.His619=),1
CV_1560588,1560588,BRCA2,chr13,32370431,,,NM_000059.4(BRCA2):c.8361C>G (p.Arg2787=),1
CV_1560352,1560352,BRCA1,chr17,43093443,,,NM_007294.4(BRCA1):c.2088T>C (p.Thr696=),1
CV_1559587,1559587,BRCA2,chr13,32341000,,,NM_000059.4(BRCA2):c.6645C>T (p.Tyr2215=),1
CV_1558837,1558837,BRCA2,chr13,32332588,,,NM_000059.4(BRCA2):c.1110A>T (p.Val370=),1
CV_1558790,1558790,BRCA2,chr13,32336665,,,NM_000059.4(BRCA2):c.2310T>A (p.Ile770=),1
CV_1558367,1558367,BRCA1,chr17,43091777,,,NM_007294.4(BRCA1):c.3754C>T (p.Leu1252=),1
CV_1557886,1557886,BRCA2,chr13,32370485,,,NM_000059.4(BRCA2):c.8415A>G (p.Leu2805=),1
CV_1557832,1557832,BRCA1,chr17,43091582,,,NM_007294.4(BRCA1):c.3949T>C (p.Leu1317=),1
CV_1557041,1557041,BRCA1,chr17,43092570,,,NM_007294.4(BRCA1):c.2961G>A (p.Lys987=),1
CV_1556306,1556306,BRCA2,chr13,32363407,,,NM_000059.4(BRCA2):c.8205C>T (p.Pro2735=),1
CV_1556304,1556304,BRCA2,chr13,32338966,,,NM_000059.4(BRCA2):c.4611A>G (p.Glu1537=),1
CV_1555602,1555602,BRCA1,chr17,43091772,,,NM_007294.4(BRCA1):c.3759T>A (p.Ser1253=),1
CV_1555431,1555431,BRCA2,chr13,32336341,,,NM_000059.4(BRCA2):c.1986T>A (p.Ser662=),1
CV_1554722,1554722,BRCA1,chr17,43082504,,,NM_007294.4(BRCA1):c.4257A>G (p.Glu1419=),1
CV_1553736,1553736,BRCA1,chr17,43091535,,,NM_007294.4(BRCA1):c.3996A>C (p.Gly1332=),1
CV_1553345,1553345,BRCA1,chr17,43092354,,,NM_007294.4(BRCA1):c.3177T>C (p.Asn1059=),1
CV_1552541,1552541,BRCA2,chr13,32398239,,,NM_000059.4(BRCA2):c.9726A>C (p.Thr3242=),1
CV_1552182,1552182,BRCA2,chr13,32340679,,,NM_000059.4(BRCA2):c.6324T>G (p.Arg2108=),1
CV_1552017,1552017,BRCA2,chr13,32332897,,,NM_000059.4(BRCA2):c.1419T>C (p.His473=),1
CV_1551757,1551757,BRCA1,chr17,43093686,,,NM_007294.4(BRCA1):c.1845T>C (p.Ser615=),1
CV_1551590,1551590,BRCA2,chr13,32339896,,,NM_000059.4(BRCA2):c.5541C>G (p.Ala1847=),1
CV_1551222,1551222,BRCA1,chr17,43093845,,,NM_007294.4(BRCA1):c.1686T>C (p.Ile562=),1
CV_1550979,1550979,BRCA1,chr17,43091010,,,NM_007294.4(BRCA1):c.4119G>A (p.Glu1373=),1
CV_1550901,1550901,BRCA2,chr13,32341009,,,NM_000059.4(BRCA2):c.6654T>C (p.Asp2218=),1
CV_1550793,1550793,BRCA2,chr13,32356447,,,NM_000059.4(BRCA2):c.7455G>A (p.Gln2485=),1
CV_1550597,1550597,BRCA2,chr13,32398326,,,NM_000059.4(BRCA2):c.9813G>A (p.Leu3271=),1
CV_1550281,1550281,BRCA2,chr13,32356450,,,NM_000059.4(BRCA2):c.7458T>C (p.Asn2486=),1
CV_1549521,1549521,BRCA2,chr13,32396978,,,NM_000059.4(BRCA2):c.9582A>G (p.Pro3194=),1
CV_1549185,1549185,BRCA1,chr17,43091844,,,NM_007294.4(BRCA1):c.3687G>A (p.Leu1229=),1
CV_1549104,1549104,BRCA1,chr17,43082447,,,NM_007294.4(BRCA1):c.4314C>A (p.Ala1438=),1
CV_1547349,1547349,BRCA1,chr17,43104236,,,NM_007294.4(BRCA1):c.327A>G (p.Lys109=),1
CV_1547238,1547238,BRCA1,chr17,43093194,,,NM_007294.4(BRCA1):c.2337T>C (p.Thr779=),1
CV_1546615,1546615,BRCA2,chr13,32380093,,,NM_000059.4(BRCA2):c.9204T>G (p.Ser3068=),1
CV_1546466,1546466,BRCA2,chr13,32338654,,,NM_000059.4(BRCA2):c.4299G>C (p.Gly1433=),1
CV_1546107,1546107,BRCA2,chr13,32339863,,,NM_000059.4(BRCA2):c.5508T>C (p.Asn1836=),1
CV_1545856,1545856,BRCA2,chr13,32339359,,,NM_000059.4(BRCA2):c.5004C>T (p.Ala1668=),1
CV_1545325,1545325,BRCA2,chr13,32379886,,,NM_000059.4(BRCA2):c.9090A>G (p.Thr3030=),1
CV_1544617,1544617,BRCA2,chr13,32333347,,,NM_000059.4(BRCA2):c.1869T>C (p.Asn623=),1
CV_1544086,1544086,BRCA1,chr17,43093683,,,NM_007294.4(BRCA1):c.1848T>C (p.Ser616=),1
CV_1541881,1541881,BRCA2,chr13,32337194,,,NM_000059.4(BRCA2):c.2839T>C (p.Leu947=),1
CV_1541833,1541833,BRCA1,chr17,43093773,,,NM_007294.4(BRCA1):c.1758T>A (p.Pro586=),1
CV_1540756,1540756,BRCA1,chr17,43071189,,,NM_007294.4(BRCA1):c.4725T>C (p.Pro1575=),1
CV_1540062,1540062,BRCA2,chr13,32326140,,,NM_000059.4(BRCA2):c.465A>G (p.Arg155=),1
CV_1539130,1539130,BRCA1,chr17,43082435,,,NM_007294.4(BRCA1):c.4326G>A (p.Leu1442=),1
CV_1537111,1537111,BRCA2,chr13,32340310,,,NM_000059.4(BRCA2):c.5955T>C (p.Ser1985=),1
CV_1535641,1535641,BRCA1,chr17,43092813,,,NM_007294.4(BRCA1):c.2718G>A (p.Lys906=),1
CV_1534953,1534953,BRCA2,chr13,32336317,,,NM_000059.4(BRCA2):c.1962A>G (p.Glu654=),1
CV_1534266,1534266,BRCA1,chr17,43093281,,,NM_007294.4(BRCA1):c.2250C>G (p.Leu750=),1
CV_1533956,1533956,BRCA1,chr17,43093215,,,NM_007294.4(BRCA1):c.2316A>G (p.Val772=),1
CV_1533259,1533259,BRCA1,chr17,43093671,,,NM_007294.4(BRCA1):c.1860T>A (p.Ile620=),1
CV_1533200,1533200,BRCA2,chr13,32340937,,,NM_000059.4(BRCA2):c.6582T>A (p.Ile2194=),1
CV_1532454,1532454,BRCA1,chr17,43074395,,,NM_007294.4(BRCA1):c.4611A>G (p.Gln1537=),1
CV_1532263,1532263,BRCA2,chr13,32340322,,,NM_000059.4(BRCA2):c.5967A>G (p.Ser1989=),1
CV_1531571,1531571,BRCA1,chr17,43093794,,,NM_007294.4(BRCA1):c.1737T>C (p.Ala579=),1
CV_1531520,1531520,BRCA2,chr13,32336371,,,NM_000059.4(BRCA2):c.2016A>G (p.Arg672=),1
CV_1531506,1531506,BRCA2,chr13,32340328,,,NM_000059.4(BRCA2):c.5973T>A (p.Ala1991=),1
CV_1531345,1531345,BRCA2,chr13,32394882,,,NM_000059.4(BRCA2):c.9450A>C (p.Pro3150=),1
CV_1530839,1530839,BRCA1,chr17,43082480,,,NM_007294.4(BRCA1):c.4281C>T (p.Asn1427=),1
CV_1530332,1530332,BRCA1,chr17,43094823,,,NM_007294.4(BRCA1):c.708T>C (p.Thr236=),1
CV_1528760,1528760,BRCA2,chr13,32336386,,,NM_000059.4(BRCA2):c.2031T>C (p.Ser677=),1
CV_1528551,1528551,BRCA1,chr17,43076547,,,NM_007294.4(BRCA1):c.4425C>T (p.Asp1475=),1
CV_1528503,1528503,BRCA2,chr13,32336998,,,NM_000059.4(BRCA2):c.2643A>G (p.Glu881=),1
CV_1528411,1528411,BRCA2,chr13,32338355,,,NM_000059.4(BRCA2):c.4000T>C (p.Leu1334=),1
CV_1527841,1527841,BRCA2,chr13,32337910,,,NM_000059.4(BRCA2):c.3555A>T (p.Thr1185=),1
CV_1527840,1527840,BRCA2,chr13,32337028,,,NM_000059.4(BRCA2):c.2673C>G (p.Val891=),1
CV_1522808,1522808,BRCA2,chr13,32394855,,,NM_000059.4(BRCA2):c.9423A>T (p.Gly3141=),1
CV_1518079,1518079,BRCA2,chr13,32394834,,,NM_000059.4(BRCA2):c.9402C>T (p.Gly3134=),1
CV_1492743,1492743,BRCA1,chr17,43091937,,,NM_007294.4(BRCA1):c.3594G>A (p.Leu1198=),1
CV_1487178,1487178,BRCA2,chr13,32340655,,,NM_000059.4(BRCA2):c.6300A>G (p.Gln2100=),1
CV_1476418,1476418,BRCA2,chr13,32339392,,,NM_000059.4(BRCA2):c.5037T>G (p.Thr1679=),1
CV_1459616,1459616,BRCA2,chr13,32357849,,,NM_000059.4(BRCA2):c.7725T>C (p.Thr2575=),1
CV_1441246,1441246,BRCA2,chr13,32332687,,,NM_000059.4(BRCA2):c.1209A>G (p.Leu403=),1
CV_4851316,4851316,BRCA2,chr13,32340427,,,NM_000059.4(BRCA2):c.6072G>A (p.Gln2024=),0
CV_4849951,4849951,MAPT,chr17,45996577,,,NM_001377265.1(MAPT):c.1911A>T (p.Thr637=),0
CV_4848411,4848411,BRCA1,chr17,43093386,,,NM_007294.4(BRCA1):c.2145C>G (p.Thr715=),0
CV_4843833,4843833,CFTR,chr7,117540121,,,NM_000492.4(CFTR):c.891G>C (p.Arg297=),0
CV_4843832,4843832,CFTR,chr7,117614704,,,NM_000492.4(CFTR):c.3459G>C (p.Val1153=),0
CV_4843829,4843829,CFTR,chr7,117666988,,,NM_000492.4(CFTR):c.4323C>T (p.Ile1441=),0
CV_4843827,4843827,CFTR,chr7,117587813,,,NM_000492.4(CFTR):c.1659A>C (p.Arg553=),0
CV_4843822,4843822,CFTR,chr7,117592009,,,NM_000492.4(CFTR):c.1842C>T (p.Asp614=),0
CV_4843821,4843821,CFTR,chr7,117611780,,,NM_000492.4(CFTR):c.3339T>C (p.Ala1113=),0
CV_4843820,4843820,CFTR,chr7,117594992,,,NM_000492.4(CFTR):c.2553A>T (p.Arg851=),0
CV_4843816,4843816,CFTR,chr7,117592528,,,NM_000492.4(CFTR):c.2361A>G (p.Thr787=),0
CV_4842970,4842970,BRCA2,chr13,32339833,,,NM_000059.4(BRCA2):c.5478C>T (p.Ala1826=),0
CV_4842967,4842967,BRCA2,chr13,32354876,,,NM_000059.4(BRCA2):c.7023T>C (p.Arg2341=),0
CV_4842965,4842965,BRCA2,chr13,32325173,,,NM_000059.4(BRCA2):c.414T>C (p.Cys138=),0
CV_4842664,4842664,BRCA1,chr17,43071051,,,NM_007294.4(BRCA1):c.4863T>C (p.Asp1621=),0
CV_4842653,4842653,BRCA1,chr17,43093914,,,NM_007294.4(BRCA1):c.1617G>T (p.Thr539=),0
CV_4841332,4841332,CFTR,chr7,117611741,,,NM_000492.4(CFTR):c.3300A>G (p.Gln1100=),0
CV_4841328,4841328,CFTR,chr7,117534326,,,NM_000492.4(CFTR):c.540T>C (p.Leu180=),0
CV_4830463,4830463,BRCA2,chr13,32341021,,,NM_000059.4(BRCA2):c.6666C>T (p.Tyr2222=),0
CV_4830455,4830455,BRCA2,chr13,32326585,,,NM_000059.4(BRCA2):c.603A>G (p.Pro201=),0
CV_4830431,4830431,BRCA2,chr13,32340847,,,NM_000059.4(BRCA2):c.6492G>A (p.Gln2164=),0
CV_4830352,4830352,BRCA2,chr13,32398353,,,NM_000059.4(BRCA2):c.9840T>C (p.Pro3280=),0
CV_4827542,4827542,CFTR,chr7,117540319,,,NM_000492.4(CFTR):c.1089C>T (p.Asp363=),0
CV_4827541,4827541,CFTR,chr7,117509058,,,NM_000492.4(CFTR):c.189A>C (p.Ser63=),0
CV_4827539,4827539,CFTR,chr7,117592381,,,NM_000492.4(CFTR):c.2214A>G (p.Leu738=),0
CV_4827537,4827537,CFTR,chr7,117540154,,,NM_000492.4(CFTR):c.924A>G (p.Ser308=),0
CV_4827536,4827536,CFTR,chr7,117652883,,,NM_000492.4(CFTR):c.3915T>C (p.Asp1305=),0
CV_4827532,4827532,CFTR,chr7,117592162,,,NM_000492.4(CFTR):c.1995C>G (p.Thr665=),0
CV_4826891,4826891,BRCA2,chr13,32326609,,,NM_000059.4(BRCA2):c.627C>G (p.Leu209=),0
CV_4826876,4826876,BRCA2,chr13,32326107,,,NM_000059.4(BRCA2):c.432T>A (p.Val144=),0
CV_4826633,4826633,BRCA1,chr17,43094700,,,NM_007294.4(BRCA1):c.831T>C (p.Asn277=),0
CV_4826631,4826631,BRCA1,chr17,43091898,,,NM_007294.4(BRCA1):c.3633C>G (p.Ser1211=),0
CV_4825415,4825415,CFTR,chr7,117592192,,,NM_000492.4(CFTR):c.2025T>A (p.Ala675=),0
CV_4825413,4825413,CFTR,chr7,117535379,,,NM_000492.4(CFTR):c.711G>A (p.Gln237=),0
CV_4825412,4825412,CFTR,chr7,117540208,,,NM_000492.4(CFTR):c.978A>C (p.Ala326=),0
CV_4824551,4824551,BRCA2,chr13,32380027,,,NM_000059.4(BRCA2):c.9138T>C (p.Phe3046=),0
CV_4824548,4824548,BRCA2,chr13,32332486,,,NM_000059.4(BRCA2):c.1008A>G (p.Ala336=),0
CV_4824545,4824545,BRCA2,chr13,32340943,,,NM_000059.4(BRCA2):c.6588A>G (p.Lys2196=),0
CV_4824537,4824537,BRCA2,chr13,32339872,,,NM_000059.4(BRCA2):c.5517A>C (p.Val1839=),0
CV_4824530,4824530,BRCA2,chr13,32337667,,,NM_000059.4(BRCA2):c.3312A>T (p.Thr1104=),0
CV_4824522,4824522,BRCA2,chr13,32332807,,,NM_000059.4(BRCA2):c.1329G>A (p.Glu443=),0
CV_4824518,4824518,BRCA2,chr13,32340490,,,NM_000059.4(BRCA2):c.6135T>C (p.Phe2045=),0
CV_4822953,4822953,BRCA1,chr17,43099778,,,NM_007294.4(BRCA1):c.544T>C (p.Leu182=),0
CV_4821137,4821137,MAPT,chr17,46024111,,,NM_001377265.1(MAPT):c.2442G>A (p.Ser814=),0
CV_4820939,4820939,BRCA1,chr17,43093797,,,NM_007294.4(BRCA1):c.1734T>A (p.Ser578=),0
CV_4809149,4809149,BRCA2,chr13,32340112,,,NM_000059.4(BRCA2):c.5757G>A (p.Lys1919=),0
CV_4807108,4807108,BRCA2,chr13,32340259,,,NM_000059.4(BRCA2):c.5904A>G (p.Ser1968=),0
CV_4805116,4805116,CFTR,chr7,117534344,,,NM_000492.4(CFTR):c.558C>T (p.Asn186=),0
CV_4799246,4799246,BRCA2,chr13,32332777,,,NM_000059.4(BRCA2):c.1299C>T (p.Asn433=),0
CV_4798463,4798463,BRCA1,chr17,43094661,,,NM_007294.4(BRCA1):c.870A>G (p.Leu290=),0
CV_4781330,4781330,CFTR,chr7,117665495,,,NM_000492.4(CFTR):c.4173A>G (p.Ala1391=),0
CV_4779225,4779225,BRCA2,chr13,32337439,,,NM_000059.4(BRCA2):c.3084A>G (p.Lys1028=),0
CV_4773106,4773106,BRCA2,chr13,32355179,,,NM_000059.4(BRCA2):c.7326T>C (p.Ser2442=),0
CV_4771668,4771668,BRCA1,chr17,43076604,,,NM_007294.4(BRCA1):c.4368T>C (p.Thr1456=),0
CV_4766515,4766515,CFTR,chr7,117540139,,,NM_000492.4(CFTR):c.909A>G (p.Arg303=),0
CV_4766044,4766044,BRCA2,chr13,32337754,,,NM_000059.4(BRCA2):c.3399A>G (p.Pro1133=),0
CV_4764372,4764372,BRCA2,chr13,32398663,,,NM_000059.4(BRCA2):c.10150C>A (p.Arg3384=),0
CV_4761863,4761863,BRCA1,chr17,43071036,,,NM_007294.4(BRCA1):c.4878T>C (p.Asn1626=),0
CV_4759062,4759062,BRCA2,chr13,32339308,,,NM_000059.4(BRCA2):c.4953T>G (p.Pro1651=),0
CV_4759022,4759022,BRCA2,chr13,32338576,,,NM_000059.4(BRCA2):c.4221A>G (p.Glu1407=),0
CV_4758797,4758797,BRCA1,chr17,43082507,,,NM_007294.4(BRCA1):c.4254A>G (p.Leu1418=),0
CV_4758275,4758275,BRCA1,chr17,43092255,,,NM_007294.4(BRCA1):c.3276G>A (p.Glu1092=),0
CV_4757401,4757401,BRCA2,chr13,32333377,,,NM_000059.4(BRCA2):c.1899T>C (p.Asn633=),0
CV_4756957,4756957,BRCA2,chr13,32337923,,,NM_000059.4(BRCA2):c.3568C>A (p.Arg1190=),0
CV_4756928,4756928,BRCA2,chr13,32336968,,,NM_000059.4(BRCA2):c.2613A>C (p.Ser871=),0
CV_4756497,4756497,BRCA2,chr13,32338981,,,NM_000059.4(BRCA2):c.4626G>A (p.Val1542=),0
CV_4756198,4756198,BRCA2,chr13,32338693,,,NM_000059.4(BRCA2):c.4338T>A (p.Ile1446=),0
CV_4756156,4756156,BRCA2,chr13,32332405,,,NM_000059.4(BRCA2):c.927A>C (p.Ser309=),0
CV_4754551,4754551,PAH,chr12,102844363,,,NM_000277.3(PAH):c.1038G>A (p.Gly346=),0
CV_4752792,4752792,BRCA2,chr13,32355224,,,NM_000059.4(BRCA2):c.7371T>C (p.Phe2457=),0
CV_4745314,4745314,PAH,chr12,102855275,,,NM_000277.3(PAH):c.567A>C (p.Thr189=),0
CV_4743556,4743556,BRCA1,chr17,43092681,,,NM_007294.4(BRCA1):c.2850T>A (p.Ser950=),0
CV_4735690,4735690,BRCA2,chr13,32340763,,,NM_000059.4(BRCA2):c.6408A>G (p.Leu2136=),0
CV_4735536,4735536,BRCA2,chr13,32339788,,,NM_000059.4(BRCA2):c.5433G>A (p.Glu1811=),0
CV_4735283,4735283,BRCA1,chr17,43094262,,,NM_007294.4(BRCA1):c.1269T>C (p.Ser423=),0
CV_4734519,4734519,BRCA2,chr13,32333344,,,NM_000059.4(BRCA2):c.1866A>T (p.Ala622=),0
CV_4734319,4734319,BRCA1,chr17,43093167,,,NM_007294.4(BRCA1):c.2364T>A (p.Val788=),0
CV_4733419,4733419,BRCA1,chr17,43104151,,,NM_007294.4(BRCA1):c.412C>T (p.Leu138=),0
CV_4732257,4732257,BRCA2,chr13,32332909,,,NM_000059.4(BRCA2):c.1431T>C (p.His477=),0
CV_4731538,4731538,BRCA1,chr17,43104176,,,NM_007294.4(BRCA1):c.387C>A (p.Gly129=),0
CV_4731454,4731454,BRCA2,chr13,32339932,,,NM_000059.4(BRCA2):c.5577T>A (p.Ile1859=),0
CV_4731423,4731423,BRCA2,chr13,32355278,,,NM_000059.4(BRCA2):c.7425A>G (p.Glu2475=),0
CV_4730757,4730757,BRCA2,chr13,32332900,,,NM_000059.4(BRCA2):c.1422T>G (p.Leu474=),0
CV_4729085,4729085,CFTR-AS2,chr7,117627752,,,NM_000492.4(CFTR):c.3699A>C (p.Ser1233=),0
CV_4728860,4728860,BRCA2,chr13,32354864,,,NM_000059.4(BRCA2):c.7011A>C (p.Thr2337=),0
CV_4727799,4727799,BRCA2,chr13,32379844,,,NM_000059.4(BRCA2):c.9048T>C (p.Ser3016=),0
CV_4727469,4727469,BRCA2,chr13,32339506,,,NM_000059.4(BRCA2):c.5151A>G (p.Glu1717=),0
CV_4725749,4725749,BRCA1,chr17,43071105,,,NM_007294.4(BRCA1):c.4809C>A (p.Pro1603=),0
CV_4725192,4725192,BRCA1,chr17,43094019,,,NM_007294.4(BRCA1):c.1512T>G (p.Arg504=),0
CV_4724898,4724898,BRCA1,chr17,43093884,,,NM_007294.4(BRCA1):c.1647T>G (p.Thr549=),0
CV_4724229,4724229,BRCA1,chr17,43094133,,,NM_007294.4(BRCA1):c.1398G>C (p.Arg466=),0
CV_4723355,4723355,BRCA2,chr13,32332816,,,NM_000059.4(BRCA2):c.1338G>A (p.Leu446=),0
CV_4723350,4723350,BRCA2,chr13,32346834,,,NM_000059.4(BRCA2):c.6945A>C (p.Ile2315=),0
CV_4723057,4723057,BRCA2,chr13,32336824,,,NM_000059.4(BRCA2):c.2469T>A (p.Ala823=),0
CV_4723028,4723028,BRCA2,chr13,32337196,,,NM_000059.4(BRCA2):c.2841G>A (p.Leu947=),0
CV_4722608,4722608,BRCA1,chr17,43092972,,,NM_007294.4(BRCA1):c.2559T>C (p.Asp853=),0
CV_4722461,4722461,BRCA2,chr13,32398680,,,NM_000059.4(BRCA2):c.10167T>A (p.Ser3389=),0
CV_4721870,4721870,BRCA2,chr13,32340604,,,NM_000059.4(BRCA2):c.6249T>C (p.Phe2083=),0
CV_4721837,4721837,BRCA2,chr13,32326264,,,NM_000059.4(BRCA2):c.498T>C (p.His166=),0
CV_4721113,4721113,LOC126862571,chr17,43092087,,,NM_007294.4(BRCA1):c.3444G>A (p.Glu1148=),0
CV_4720753,4720753,BRCA2,chr13,32336719,,,NM_000059.4(BRCA2):c.2364C>A (p.Gly788=),0
CV_4720747,4720747,BRCA1,chr17,43092978,,,NM_007294.4(BRCA1):c.2553A>G (p.Glu851=),0
CV_4720453,4720453,BRCA2,chr13,32398500,,,NM_000059.4(BRCA2):c.9987T>C (p.Asn3329=),0
CV_4720235,4720235,BRCA1,chr17,43071180,,,NM_007294.4(BRCA1):c.4734T>C (p.Asp1578=),0
CV_4719975,4719975,BRCA2,chr13,32357792,,,NM_000059.4(BRCA2):c.7668T>C (p.Asn2556=),0
CV_4718483,4718483,BRCA2,chr13,32332948,,,NM_000059.4(BRCA2):c.1470A>T (p.Gly490=),0
CV_4718375,4718375,BRCA2,chr13,32336908,,,NM_000059.4(BRCA2):c.2553C>T (p.Phe851=),0
CV_4718284,4718284,BRCA2,chr13,32339665,,,NM_000059.4(BRCA2):c.5310T>A (p.Ser1770=),0
CV_4717972,4717972,BRCA2,chr13,32331023,,,NM_000059.4(BRCA2):c.786A>C (p.Ala262=),0
CV_4717575,4717575,BRCA2,chr13,32337406,,,NM_000059.4(BRCA2):c.3051C>A (p.Ile1017=),0
CV_4717407,4717407,BRCA1,chr17,43095871,,,NM_007294.4(BRCA1):c.645A>G (p.Glu215=),0
CV_4716391,4716391,BRCA1,chr17,43099839,,,NM_007294.4(BRCA1):c.483T>A (p.Thr161=),0
CV_4716387,4716387,BRCA2,chr13,32332981,,,NM_000059.4(BRCA2):c.1503C>A (p.Ile501=),0
CV_4716166,4716166,BRCA1,chr17,43093350,,,NM_007294.4(BRCA1):c.2181A>G (p.Pro727=),0
CV_4715694,4715694,CFTR,chr7,117611702,,,NM_000492.4(CFTR):c.3261C>A (p.Ala1087=),0
CV_4715543,4715543,CFTR,chr7,117611804,,,NM_000492.4(CFTR):c.3363A>G (p.Thr1121=),0
CV_4715278,4715278,BRCA2,chr13,32338642,,,NM_000059.4(BRCA2):c.4287G>A (p.Gln1429=),0
CV_4714581,4714581,BRCA1,chr17,43094133,,,NM_007294.4(BRCA1):c.1398G>T (p.Arg466=),0
CV_4714568,4714568,BRCA1,chr17,43093707,,,NM_007294.4(BRCA1):c.1824G>A (p.Lys608=),0
CV_4713998,4713998,BRCA2,chr13,32398293,,,NM_000059.4(BRCA2):c.9780T>C (p.Asp3260=),0
CV_4713340,4713340,BRCA2,chr13,32340220,,,NM_000059.4(BRCA2):c.5865A>C (p.Ser1955=),0
CV_4713170,4713170,BRCA2,chr13,32398549,,,NM_000059.4(BRCA2):c.10036T>C (p.Leu3346=),0
CV_4712620,4712620,LOC126862571,chr17,43092030,,,NM_007294.4(BRCA1):c.3501A>G (p.Glu1167=),0
CV_4708017,4708017,BRCA2,chr13,32337733,,,NM_000059.4(BRCA2):c.3378A>G (p.Glu1126=),0
CV_4707622,4707622,BRCA2,chr13,32339875,,,NM_000059.4(BRCA2):c.5520G>T (p.Gly1840=),0
CV_4700203,4700203,BRCA2,chr13,32339596,,,NM_000059.4(BRCA2):c.5241C>T (p.Asn1747=),0
CV_4687555,4687555,BRCA2,chr13,32338849,,,NM_000059.4(BRCA2):c.4494T>C (p.Gly1498=),0
CV_4687195,4687195,CFTR,chr7,117559649,,,NM_000492.4(CFTR):c.1578A>G (p.Leu526=),0
CV_4683302,4683302,CFTR,chr7,117610533,,,NM_000492.4(CFTR):c.3003G>C (p.Val1001=),0
CV_4652059,4652059,CFTR,chr7,117540259,,,NM_000492.4(CFTR):c.1029C>T (p.Cys343=),0
CV_4651695,4651695,CFTR,chr7,117587819,,,NM_000492.4(CFTR):c.1665A>G (p.Arg555=),0
CV_4650876,4650876,CFTR,chr7,117610638,,,NM_000492.4(CFTR):c.3108C>A (p.Thr1036=),0
CV_4650699,4650699,CFTR,chr7,117534308,,,NM_000492.4(CFTR):c.522A>G (p.Lys174=),0
CV_4649876,4649876,CFTR,chr7,117592156,,,NM_000492.4(CFTR):c.1989T>A (p.Thr663=),0
CV_4649788,4649788,CFTR,chr7,117531090,,,NM_000492.4(CFTR):c.465T>G (p.Ala155=),0
CV_4649096,4649096,CFTR,chr7,117627701,,,NM_000492.4(CFTR):c.3648A>C (p.Thr1216=),0
CV_4648654,4648654,CFTR,chr7,117592570,,,NM_000492.4(CFTR):c.2403C>T (p.Asn801=),0
CV_4648562,4648562,CFTR,chr7,117627650,,,NM_000492.4(CFTR):c.3597G>A (p.Lys1199=),0
CV_4647719,4647719,CFTR-AS2,chr7,117606729,,,NM_000492.4(CFTR):c.2964T>C (p.Pro988=),0
CV_4647528,4647528,CFTR,chr7,117603601,,,NM_000492.4(CFTR):c.2727C>T (p.Ser909=),0
CV_4647445,4647445,CFTR,chr7,117627758,,,NM_000492.4(CFTR):c.3705T>C (p.Ser1235=),0
CV_4646845,4646845,CFTR,chr7,117603637,,,NM_000492.4(CFTR):c.2763A>G (p.Gly921=),0
CV_4646019,4646019,CFTR,chr7,117594990,,,NM_000492.4(CFTR):c.2551C>A (p.Arg851=),0
CV_4642289,4642289,CFTR,chr7,117548715,,,NM_000492.4(CFTR):c.1284C>T (p.Leu428=),0
CV_4629557,4629557,BRCA2,chr13,32332708,,,NM_000059.4(BRCA2):c.1230A>G (p.Lys410=),0
CV_4629526,4629526,BRCA2,chr13,32325158,,,NM_000059.4(BRCA2):c.399A>T (p.Pro133=),0
CV_4629464,4629464,BRCA2,chr13,32354930,,,NM_000059.4(BRCA2):c.7077A>G (p.Lys2359=),0
CV_4629068,4629068,BRCA2,chr13,32319234,,,NM_000059.4(BRCA2):c.225T>A (p.Ala75=),0
CV_4629062,4629062,BRCA2,chr13,32336923,,,NM_000059.4(BRCA2):c.2568T>C (p.Asn856=),0
CV_4628932,4628932,BRCA2,chr13,32325162,,,NM_000059.4(BRCA2):c.403C>T (p.Leu135=),0
CV_4628873,4628873,BRCA2,chr13,32340820,,,NM_000059.4(BRCA2):c.6465C>A (p.Leu2155=),0
CV_4628857,4628857,BRCA2,chr13,32332843,,,NM_000059.4(BRCA2):c.1365A>C (p.Ser455=),0
CV_4628736,4628736,BRCA2,chr13,32379466,,,NM_000059.4(BRCA2):c.8904C>G (p.Thr2968=),0
CV_4628734,4628734,BRCA2,chr13,32325164,,,NM_000059.4(BRCA2):c.405A>G (p.Leu135=),0
CV_4628703,4628703,BRCA2,chr13,32340217,,,NM_000059.4(BRCA2):c.5862T>C (p.Thr1954=),0
CV_4628679,4628679,BRCA2,chr13,32337721,,,NM_000059.4(BRCA2):c.3366A>T (p.Gly1122=),0
CV_4628638,4628638,BRCA2,chr13,32333096,,,NM_000059.4(BRCA2):c.1618C>T (p.Leu540=),0
CV_4628559,4628559,BRCA2,chr13,32379865,,,NM_000059.4(BRCA2):c.9069T>C (p.Ala3023=),0
CV_4627283,4627283,BRCA2,chr13,32338459,,,NM_000059.4(BRCA2):c.4104A>G (p.Leu1368=),0
CV_4627278,4627278,BRCA2,chr13,32337157,,,NM_000059.4(BRCA2):c.2802T>C (p.Gly934=),0
CV_4626765,4626765,BRCA2,chr13,32333200,,,NM_000059.4(BRCA2):c.1722G>A (p.Leu574=),0
CV_4626487,4626487,BRCA2,chr13,32337631,,,NM_000059.4(BRCA2):c.3276T>C (p.Phe1092=),0
CV_4625777,4625777,BRCA1,chr17,43094538,,,NM_007294.4(BRCA1):c.993G>A (p.Arg331=),0
CV_4625534,4625534,BRCA1,chr17,43099826,,,NM_007294.4(BRCA1):c.496A>C (p.Arg166=),0
CV_4625529,4625529,BRCA1,chr17,43099848,,,NM_007294.4(BRCA1):c.474C>T (p.Asn158=),0
CV_4625505,4625505,BRCA1,chr17,43094151,,,NM_007294.4(BRCA1):c.1380A>C (p.Ile460=),0
CV_4625299,4625299,BRCA1,chr17,43093917,,,NM_007294.4(BRCA1):c.1614A>G (p.Gln538=),0
CV_4625236,4625236,BRCA1,chr17,43092636,,,NM_007294.4(BRCA1):c.2895C>G (p.Leu965=),0
CV_4625187,4625187,BRCA1,chr17,43094595,,,NM_007294.4(BRCA1):c.936C>G (p.Gly312=),0
CV_4625179,4625179,BRCA1,chr17,43099827,,,NM_007294.4(BRCA1):c.495G>T (p.Leu165=),0
CV_4625094,4625094,BRCA1,chr17,43091028,,,NM_007294.4(BRCA1):c.4101A>G (p.Glu1367=),0
CV_4625055,4625055,BRCA1,chr17,43094448,,,NM_007294.4(BRCA1):c.1083A>G (p.Ser361=),0
CV_4625008,4625008,BRCA1,chr17,43093101,,,NM_007294.4(BRCA1):c.2430C>T (p.Asn810=),0
CV_4533113,4533113,BRCA1,chr17,43095919,,,NM_007294.4(BRCA1):c.597G>A (p.Val199=),0
CV_4533108,4533108,BRCA1,chr17,43074518,,,NM_007294.4(BRCA1):c.4488A>G (p.Ser1496=),0
CV_4532831,4532831,BRCA2,chr13,32340913,,,NM_000059.4(BRCA2):c.6558A>T (p.Ser2186=),0
CV_4525968,4525968,MAPT,chr17,46014287,,,NM_001377265.1(MAPT):c.2136C>T (p.Ser712=),0
CV_4294405,4294405,BRCA1,chr17,43079395,,,NM_007294.4(BRCA1):c.4358-2781G>A,0
CV_4282065,4282065,MAPT,chr17,45974449,,,NM_001377265.1(MAPT):c.220+2504G>A,0
CV_4281066,4281066,MAPT,chr17,45983113,,,NM_001377265.1(MAPT):c.534C>A (p.Gly178=),0
CV_4227451,4227451,CFTR,chr7,117559640,,,NM_000492.4(CFTR):c.1569A>T (p.Ala523=),0
CV_4227447,4227447,CFTR,chr7,117592033,,,NM_000492.4(CFTR):c.1866T>C (p.Gly622=),0
CV_4227441,4227441,CFTR,chr7,117592178,,,NM_000492.4(CFTR):c.2011T>C (p.Leu671=),0
CV_4227439,4227439,CFTR,chr7,117592237,,,NM_000492.4(CFTR):c.2070T>G (p.Thr690=),0
CV_4227427,4227427,CFTR,chr7,117592132,,,NM_000492.4(CFTR):c.1965A>G (p.Ala655=),0
CV_4227425,4227425,CFTR,chr7,117642548,,,NM_000492.4(CFTR):c.3828A>G (p.Ser1276=),0
CV_4227424,4227424,CFTR,chr7,117531024,,,NM_000492.4(CFTR):c.399G>T (p.Val133=),0
CV_4227421,4227421,CFTR,chr7,117592438,,,NM_000492.4(CFTR):c.2271T>C (p.Thr757=),0
CV_4227420,4227420,CFTR,chr7,117664756,,,NM_000492.4(CFTR):c.4032T>C (p.Cys1344=),0
CV_4227412,4227412,CFTR,chr7,117587795,,,NM_000492.4(CFTR):c.1641A>G (p.Thr547=),0
CV_4227411,4227411,LOC111674472,chr7,117610569,,,NM_000492.4(CFTR):c.3039C>T (p.Pro1013=),0
CV_4227409,4227409,CFTR,chr7,117592036,,,NM_000492.4(CFTR):c.1869C>T (p.Ser623=),0
CV_4227408,4227408,CFTR,chr7,117627722,,,NM_000492.4(CFTR):c.3669A>C (p.Gly1223=),0
CV_4227405,4227405,CFTR,chr7,117595025,,,NM_000492.4(CFTR):c.2586G>T (p.Val862=),0
CV_4227404,4227404,CFTR,chr7,117590416,,,NM_000492.4(CFTR):c.1743A>G (p.Leu581=),0
CV_4227395,4227395,CFTR,chr7,117642464,,,NM_000492.4(CFTR):c.3744A>C (p.Ser1248=),0
CV_4227392,4227392,CFTR,chr7,117592006,,,NM_000492.4(CFTR):c.1839T>C (p.Ala613=),0
CV_4227388,4227388,CFTR,chr7,117667021,,,NM_000492.4(CFTR):c.4356C>T (p.His1452=),0
CV_4227387,4227387,CFTR,chr7,117627581,,,NM_000492.4(CFTR):c.3528C>G (p.Thr1176=),0
CV_4215943,4215943,BRCA2,chr13,32398333,,,NM_000059.4(BRCA2):c.9820T>C (p.Leu3274=),0
CV_4215941,4215941,BRCA2,chr13,32332507,,,NM_000059.4(BRCA2):c.1029A>G (p.Lys343=),0
CV_4215940,4215940,BRCA2,chr13,32326573,,,NM_000059.4(BRCA2):c.591T>C (p.Ser197=),0
CV_4215937,4215937,BRCA2,chr13,32332528,,,NM_000059.4(BRCA2):c.1050A>G (p.Glu350=),0
CV_4215935,4215935,BRCA2,chr13,32337790,,,NM_000059.4(BRCA2):c.3435T>G (p.Pro1145=),0
CV_4215918,4215918,BRCA2,chr13,32336686,,,NM_000059.4(BRCA2):c.2331T>C (p.Asp777=),0
CV_4215916,4215916,BRCA2,chr13,32354969,,,NM_000059.4(BRCA2):c.7116A>G (p.Ser2372=),0
CV_4215908,4215908,BRCA2,chr13,32337754,,,NM_000059.4(BRCA2):c.3399A>T (p.Pro1133=),0
CV_4215889,4215889,BRCA2,chr13,32339350,,,NM_000059.4(BRCA2):c.4995A>G (p.Glu1665=),0
CV_4215885,4215885,BRCA2,chr13,32332984,,,NM_000059.4(BRCA2):c.1506A>G (p.Lys502=),0
CV_4215884,4215884,BRCA2,chr13,32339713,,,NM_000059.4(BRCA2):c.5358T>C (p.Ser1786=),0
CV_4215883,4215883,BRCA2,chr13,32341048,,,NM_000059.4(BRCA2):c.6693T>A (p.Ala2231=),0
CV_4215867,4215867,BRCA2,chr13,32355002,,,NM_000059.4(BRCA2):c.7149T>C (p.Tyr2383=),0
CV_4215866,4215866,BRCA2,chr13,32339437,,,NM_000059.4(BRCA2):c.5082A>G (p.Arg1694=),0
CV_4215844,4215844,BRCA2,chr13,32337931,,,NM_000059.4(BRCA2):c.3576T>C (p.Phe1192=),0
CV_4215840,4215840,BRCA2,chr13,32396954,,,NM_000059.4(BRCA2):c.9558A>C (p.Ala3186=),0
CV_4215838,4215838,BRCA2,chr13,32396948,,,NM_000059.4(BRCA2):c.9552G>T (p.Leu3184=),0
CV_4215837,4215837,BRCA2,chr13,32396948,,,NM_000059.4(BRCA2):c.9552G>C (p.Leu3184=),0
CV_4215836,4215836,BRCA2,chr13,32396946,,,NM_000059.4(BRCA2):c.9550C>T (p.Leu3184=),0
CV_4215835,4215835,BRCA2,chr13,32396945,,,NM_000059.4(BRCA2):c.9549A>T (p.Ile3183=),0
CV_4215834,4215834,BRCA2,chr13,32396945,,,NM_000059.4(BRCA2):c.9549A>C (p.Ile3183=),0
CV_4215833,4215833,BRCA2,chr13,32396936,,,NM_000059.4(BRCA2):c.9540T>A (p.Leu3180=),0
CV_4215832,4215832,BRCA2,chr13,32396924,,,NM_000059.4(BRCA2):c.9528A>G (p.Ala3176=),0
CV_4215830,4215830,BRCA2,chr13,32396912,,,NM_000059.4(BRCA2):c.9516T>G (p.Leu3172=),0
CV_4215829,4215829,BRCA2,chr13,32396912,,,NM_000059.4(BRCA2):c.9516T>A (p.Leu3172=),0
CV_4215828,4215828,BRCA2,chr13,32396903,,,NM_000059.4(BRCA2):c.9507T>A (p.Ile3169=),0
CV_4215827,4215827,BRCA2,chr13,32394930,,,NM_000059.4(BRCA2):c.9498T>G (p.Val3166=),0
CV_4215826,4215826,BRCA2,chr13,32394930,,,NM_000059.4(BRCA2):c.9498T>A (p.Val3166=),0
CV_4215823,4215823,BRCA2,chr13,32394927,,,NM_000059.4(BRCA2):c.9495T>A (p.Thr3165=),0
CV_4215819,4215819,BRCA2,chr13,32394909,,,NM_000059.4(BRCA2):c.9477C>T (p.Phe3159=),0
CV_4215818,4215818,BRCA2,chr13,32394906,,,NM_000059.4(BRCA2):c.9474A>C (p.Thr3158=),0
CV_4215811,4215811,BRCA2,chr13,32394897,,,NM_000059.4(BRCA2):c.9465T>C (p.Phe3155=),0
CV_4215810,4215810,BRCA2,chr13,32394885,,,NM_000059.4(BRCA2):c.9453A>G (p.Lys3151=),0
CV_4215809,4215809,BRCA2,chr13,32394882,,,NM_000059.4(BRCA2):c.9450A>T (p.Pro3150=),0
CV_4215808,4215808,BRCA2,chr13,32394882,,,NM_000059.4(BRCA2):c.9450A>G (p.Pro3150=),0
CV_4215803,4215803,BRCA2,chr13,32394876,,,NM_000059.4(BRCA2):c.9444T>A (p.Ala3148=),0
CV_4215799,4215799,BRCA2,chr13,32394867,,,NM_000059.4(BRCA2):c.9435G>T (p.Val3145=),0
CV_4215798,4215798,BRCA2,chr13,32394867,,,NM_000059.4(BRCA2):c.9435G>C (p.Val3145=),0
CV_4215794,4215794,BRCA2,chr13,32394864,,,NM_000059.4(BRCA2):c.9432T>C (p.Ser3144=),0
CV_4215793,4215793,BRCA2,chr13,32394864,,,NM_000059.4(BRCA2):c.9432T>A (p.Ser3144=),0
CV_4215791,4215791,BRCA2,chr13,32394855,,,NM_000059.4(BRCA2):c.9423A>C (p.Gly3141=),0
CV_4215789,4215789,BRCA2,chr13,32394852,,,NM_000059.4(BRCA2):c.9420T>G (p.Ala3140=),0
CV_4215788,4215788,BRCA2,chr13,32394852,,,NM_000059.4(BRCA2):c.9420T>C (p.Ala3140=),0
CV_4215787,4215787,BRCA2,chr13,32394849,,,NM_000059.4(BRCA2):c.9417T>C (p.Phe3139=),0
CV_4215786,4215786,BRCA2,chr13,32394844,,,NM_000059.4(BRCA2):c.9412T>C (p.Leu3138=),0
CV_4215785,4215785,BRCA2,chr13,32394843,,,NM_000059.4(BRCA2):c.9411T>C (p.Thr3137=),0
CV_4215784,4215784,BRCA2,chr13,32394843,,,NM_000059.4(BRCA2):c.9411T>A (p.Thr3137=),0
CV_4215783,4215783,BRCA2,chr13,32394840,,,NM_000059.4(BRCA2):c.9408T>G (p.Leu3136=),0
CV_4215782,4215782,BRCA2,chr13,32394840,,,NM_000059.4(BRCA2):c.9408T>A (p.Leu3136=),0
CV_4215781,4215781,BRCA2,chr13,32394837,,,NM_000059.4(BRCA2):c.9405T>C (p.Leu3135=),0
CV_4215778,4215778,BRCA2,chr13,32394837,,,NM_000059.4(BRCA2):c.9405T>A (p.Leu3135=),0
CV_4215777,4215777,BRCA2,chr13,32394831,,,NM_000059.4(BRCA2):c.9399A>T (p.Ser3133=),0
CV_4215776,4215776,BRCA2,chr13,32394831,,,NM_000059.4(BRCA2):c.9399A>C (p.Ser3133=),0
CV_4215774,4215774,BRCA2,chr13,32394825,,,NM_000059.4(BRCA2):c.9393C>G (p.Ser3131=),0
CV_4215773,4215773,BRCA2,chr13,32394825,,,NM_000059.4(BRCA2):c.9393C>A (p.Ser3131=),0
CV_4215769,4215769,BRCA2,chr13,32394819,,,NM_000059.4(BRCA2):c.9387A>T (p.Pro3129=),0
CV_4215767,4215767,BRCA2,chr13,32394819,,,NM_000059.4(BRCA2):c.9387A>G (p.Pro3129=),0
CV_4215766,4215766,BRCA2,chr13,32394819,,,NM_000059.4(BRCA2):c.9387A>C (p.Pro3129=),0
CV_4215764,4215764,BRCA2,chr13,32394816,,,NM_000059.4(BRCA2):c.9384A>T (p.Arg3128=),0
CV_4215763,4215763,BRCA2,chr13,32394816,,,NM_000059.4(BRCA2):c.9384A>G (p.Arg3128=),0
CV_4215762,4215762,BRCA2,chr13,32394816,,,NM_000059.4(BRCA2):c.9384A>C (p.Arg3128=),0
CV_4215761,4215761,BRCA2,chr13,32394814,,,NM_000059.4(BRCA2):c.9382C>A (p.Arg3128=),0
CV_4215759,4215759,BRCA2,chr13,32394807,,,NM_000059.4(BRCA2):c.9375C>A (p.Leu3125=),0
CV_4215758,4215758,BRCA2,chr13,32394798,,,NM_000059.4(BRCA2):c.9366A>T (p.Ala3122=),0
CV_4215756,4215756,BRCA2,chr13,32394798,,,NM_000059.4(BRCA2):c.9366A>C (p.Ala3122=),0
CV_4215755,4215755,BRCA2,chr13,32394795,,,NM_000059.4(BRCA2):c.9363T>G (p.Ala3121=),0
CV_4215754,4215754,BRCA2,chr13,32394795,,,NM_000059.4(BRCA2):c.9363T>A (p.Ala3121=),0
CV_4215753,4215753,BRCA2,chr13,32394787,,,NM_000059.4(BRCA2):c.9355T>C (p.Leu3119=),0
CV_4215752,4215752,BRCA2,chr13,32394780,,,NM_000059.4(BRCA2):c.9348T>G (p.Pro3116=),0
CV_4215751,4215751,BRCA2,chr13,32394780,,,NM_000059.4(BRCA2):c.9348T>C (p.Pro3116=),0
CV_4215750,4215750,BRCA2,chr13,32394780,,,NM_000059.4(BRCA2):c.9348T>A (p.Pro3116=),0
CV_4215747,4215747,BRCA2,chr13,32394774,,,NM_000059.4(BRCA2):c.9342T>C (p.Ile3114=),0
CV_4215745,4215745,BRCA2,chr13,32394774,,,NM_000059.4(BRCA2):c.9342T>A (p.Ile3114=),0
CV_4215744,4215744,BRCA2,chr13,32394771,,,NM_000059.4(BRCA2):c.9339T>A (p.Ile3113=),0
CV_4215743,4215743,BRCA2,chr13,32394759,,,NM_000059.4(BRCA2):c.9327T>A (p.Leu3109=),0
CV_4215742,4215742,BRCA2,chr13,32394753,,,NM_000059.4(BRCA2):c.9321A>T (p.Ile3107=),0
CV_4215741,4215741,BRCA2,chr13,32394741,,,NM_000059.4(BRCA2):c.9309A>C (p.Ile3103=),0
CV_4215740,4215740,BRCA2,chr13,32394738,,,NM_000059.4(BRCA2):c.9306A>G (p.Ala3102=),0
CV_4215738,4215738,BRCA2,chr13,32394730,,,NM_000059.4(BRCA2):c.9298T>C (p.Leu3100=),0
CV_4215737,4215737,BRCA2,chr13,32394729,,,NM_000059.4(BRCA2):c.9297T>C (p.Asn3099=),0
CV_4215733,4215733,BRCA2,chr13,32394723,,,NM_000059.4(BRCA2):c.9291T>C (p.Cys3097=),0
CV_4215732,4215732,BRCA2,chr13,32394714,,,NM_000059.4(BRCA2):c.9282A>T (p.Ser3094=),0
CV_4215731,4215731,BRCA2,chr13,32394714,,,NM_000059.4(BRCA2):c.9282A>C (p.Ser3094=),0
CV_4215728,4215728,BRCA2,chr13,32394711,,,NM_000059.4(BRCA2):c.9279G>A (p.Leu3093=),0
CV_4215727,4215727,BRCA2,chr13,32394709,,,NM_000059.4(BRCA2):c.9277T>C (p.Leu3093=),0
CV_4215726,4215726,BRCA2,chr13,32394699,,,NM_000059.4(BRCA2):c.9267T>G (p.Pro3089=),0
CV_4215725,4215725,BRCA2,chr13,32394699,,,NM_000059.4(BRCA2):c.9267T>A (p.Pro3089=),0
CV_4215722,4215722,BRCA2,chr13,32394696,,,NM_000059.4(BRCA2):c.9264C>G (p.Ala3088=),0
CV_4215720,4215720,BRCA2,chr13,32394693,,,NM_000059.4(BRCA2):c.9261T>G (p.Leu3087=),0
CV_4215719,4215719,BRCA2,chr13,32394693,,,NM_000059.4(BRCA2):c.9261T>A (p.Leu3087=),0
CV_4215718,4215718,BRCA2,chr13,32394690,,,NM_000059.4(BRCA2):c.9258A>C (p.Gly3086=),0
CV_4215717,4215717,BRCA2,chr13,32380144,,,NM_000059.4(BRCA2):c.9255A>C (p.Thr3085=),0
CV_4215716,4215716,BRCA2,chr13,32380135,,,NM_000059.4(BRCA2):c.9246G>T (p.Val3082=),0
CV_4215715,4215715,BRCA2,chr13,32380132,,,NM_000059.4(BRCA2):c.9243T>G (p.Val3081=),0
CV_4215714,4215714,BRCA2,chr13,32380132,,,NM_000059.4(BRCA2):c.9243T>C (p.Val3081=),0
CV_4215713,4215713,BRCA2,chr13,32380129,,,NM_000059.4(BRCA2):c.9240T>A (p.Ser3080=),0
CV_4215711,4215711,BRCA2,chr13,32380123,,,NM_000059.4(BRCA2):c.9234C>A (p.Val3078=),0
CV_4215710,4215710,BRCA2,chr13,32380117,,,NM_000059.4(BRCA2):c.9228A>G (p.Gly3076=),0
CV_4215709,4215709,BRCA2,chr13,32380117,,,NM_000059.4(BRCA2):c.9228A>C (p.Gly3076=),0
CV_4215708,4215708,BRCA2,chr13,32380114,,,NM_000059.4(BRCA2):c.9225A>T (p.Ile3075=),0
CV_4215707,4215707,BRCA2,chr13,32380111,,,NM_000059.4(BRCA2):c.9222A>T (p.Leu3074=),0
CV_4215706,4215706,BRCA2,chr13,32380111,,,NM_000059.4(BRCA2):c.9222A>C (p.Leu3074=),0
CV_4215705,4215705,BRCA2,chr13,32380105,,,NM_000059.4(BRCA2):c.9216G>T (p.Val3072=),0
CV_4215704,4215704,BRCA2,chr13,32380105,,,NM_000059.4(BRCA2):c.9216G>C (p.Val3072=),0
CV_4215703,4215703,BRCA2,chr13,32380099,,,NM_000059.4(BRCA2):c.9210T>G (p.Ser3070=),0
CV_4215702,4215702,BRCA2,chr13,32380093,,,NM_000059.4(BRCA2):c.9204T>A (p.Ser3068=),0
CV_4215700,4215700,BRCA2,chr13,32380090,,,NM_000059.4(BRCA2):c.9201A>T (p.Pro3067=),0
CV_4215699,4215699,BRCA2,chr13,32380090,,,NM_000059.4(BRCA2):c.9201A>C (p.Pro3067=),0
CV_4215698,4215698,BRCA2,chr13,32380078,,,NM_000059.4(BRCA2):c.9189A>T (p.Pro3063=),0
CV_4215697,4215697,BRCA2,chr13,32380078,,,NM_000059.4(BRCA2):c.9189A>G (p.Pro3063=),0
CV_4215696,4215696,BRCA2,chr13,32380078,,,NM_000059.4(BRCA2):c.9189A>C (p.Pro3063=),0
CV_4215695,4215695,BRCA2,chr13,32380075,,,NM_000059.4(BRCA2):c.9186T>C (p.Asp3062=),0
CV_4215694,4215694,BRCA2,chr13,32380054,,,NM_000059.4(BRCA2):c.9165T>G (p.Leu3055=),0
CV_4215693,4215693,BRCA2,chr13,32380054,,,NM_000059.4(BRCA2):c.9165T>C (p.Leu3055=),0
CV_4215692,4215692,BRCA2,chr13,32380054,,,NM_000059.4(BRCA2):c.9165T>A (p.Leu3055=),0
CV_4215690,4215690,BRCA2,chr13,32380042,,,NM_000059.4(BRCA2):c.9153A>T (p.Pro3051=),0
CV_4215689,4215689,BRCA2,chr13,32380033,,,NM_000059.4(BRCA2):c.9144T>A (p.Ile3048=),0
CV_4215688,4215688,BRCA2,chr13,32380012,,,NM_000059.4(BRCA2):c.9123A>C (p.Ser3041=),0
CV_4215687,4215687,BRCA2,chr13,32380009,,,NM_000059.4(BRCA2):c.9120T>A (p.Val3040=),0
CV_4215686,4215686,BRCA2,chr13,32379895,,,NM_000059.4(BRCA2):c.9099T>G (p.Thr3033=),0
CV_4215685,4215685,BRCA2,chr13,32379895,,,NM_000059.4(BRCA2):c.9099T>A (p.Thr3033=),0
CV_4215684,4215684,BRCA2,chr13,32379892,,,NM_000059.4(BRCA2):c.9096A>G (p.Lys3032=),0
CV_4215683,4215683,BRCA2,chr13,32379886,,,NM_000059.4(BRCA2):c.9090A>T (p.Thr3030=),0
CV_4215682,4215682,BRCA2,chr13,32379880,,,NM_000059.4(BRCA2):c.9084A>G (p.Ala3028=),0
CV_4215681,4215681,BRCA2,chr13,32379880,,,NM_000059.4(BRCA2):c.9084A>C (p.Ala3028=),0
CV_4215680,4215680,BRCA2,chr13,32379805,,,NM_000059.4(BRCA2):c.9009A>G (p.Gly3003=),0
CV_4215679,4215679,BRCA2,chr13,32379805,,,NM_000059.4(BRCA2):c.9009A>C (p.Gly3003=),0
CV_4215678,4215678,BRCA2,chr13,32379769,,,NM_000059.4(BRCA2):c.8973T>G (p.Arg2991=),0
CV_4215677,4215677,BRCA2,chr13,32379769,,,NM_000059.4(BRCA2):c.8973T>A (p.Arg2991=),0
CV_4215676,4215676,BRCA2,chr13,32379763,,,NM_000059.4(BRCA2):c.8967T>A (p.Ile2989=),0
CV_4215675,4215675,BRCA2,chr13,32379757,,,NM_000059.4(BRCA2):c.8961G>C (p.Leu2987=),0
CV_4215674,4215674,BRCA2,chr13,32379754,,,NM_000059.4(BRCA2):c.8958A>T (p.Ile2986=),0
CV_4215673,4215673,BRCA2,chr13,32379751,,,NM_000059.4(BRCA2):c.8955T>G (p.Val2985=),0
CV_4215672,4215672,BRCA2,chr13,32379751,,,NM_000059.4(BRCA2):c.8955T>A (p.Val2985=),0
CV_4215671,4215671,BRCA2,chr13,32379514,,,NM_000059.4(BRCA2):c.8952A>T (p.Ser2984=),0
CV_4215670,4215670,BRCA2,chr13,32379514,,,NM_000059.4(BRCA2):c.8952A>C (p.Ser2984=),0
CV_4215669,4215669,BRCA2,chr13,32379496,,,NM_000059.4(BRCA2):c.8934A>T (p.Ser2978=),0
CV_4215668,4215668,BRCA2,chr13,32379496,,,NM_000059.4(BRCA2):c.8934A>C (p.Ser2978=),0
CV_4215667,4215667,BRCA2,chr13,32379487,,,NM_000059.4(BRCA2):c.8925A>T (p.Val2975=),0
CV_4215666,4215666,BRCA2,chr13,32379484,,,NM_000059.4(BRCA2):c.8922T>A (p.Ile2974=),0
CV_4215665,4215665,BRCA2,chr13,32379481,,,NM_000059.4(BRCA2):c.8919T>A (p.Arg2973=),0
CV_4215664,4215664,BRCA2,chr13,32379475,,,NM_000059.4(BRCA2):c.8913G>A (p.Lys2971=),0
CV_4215663,4215663,BRCA2,chr13,32379463,,,NM_000059.4(BRCA2):c.8901A>T (p.Thr2967=),0
CV_4215662,4215662,BRCA2,chr13,32379463,,,NM_000059.4(BRCA2):c.8901A>C (p.Thr2967=),0
CV_4215661,4215661,BRCA2,chr13,32379460,,,NM_000059.4(BRCA2):c.8898C>G (p.Val2966=),0
CV_4215659,4215659,BRCA2,chr13,32379454,,,NM_000059.4(BRCA2):c.8892G>A (p.Arg2964=),0
CV_4215658,4215658,BRCA2,chr13,32379452,,,NM_000059.4(BRCA2):c.8890A>C (p.Arg2964=),0
CV_4215657,4215657,BRCA2,chr13,32379451,,,NM_000059.4(BRCA2):c.8889A>C (p.Ser2963=),0
CV_4215656,4215656,BRCA2,chr13,32379448,,,NM_000059.4(BRCA2):c.8886A>G (p.Leu2962=),0
CV_4215655,4215655,BRCA2,chr13,32379446,,,NM_000059.4(BRCA2):c.8884T>C (p.Leu2962=),0
CV_4215654,4215654,BRCA2,chr13,32379445,,,NM_000059.4(BRCA2):c.8883T>C (p.Gly2961=),0
CV_4215653,4215653,BRCA2,chr13,32379445,,,NM_000059.4(BRCA2):c.8883T>A (p.Gly2961=),0
CV_4215652,4215652,BRCA2,chr13,32379427,,,NM_000059.4(BRCA2):c.8865T>G (p.Ala2955=),0
CV_4215651,4215651,BRCA2,chr13,32379427,,,NM_000059.4(BRCA2):c.8865T>C (p.Ala2955=),0
CV_4215650,4215650,BRCA2,chr13,32379427,,,NM_000059.4(BRCA2):c.8865T>A (p.Ala2955=),0
CV_4215649,4215649,BRCA2,chr13,32379424,,,NM_000059.4(BRCA2):c.8862T>A (p.Ser2954=),0
CV_4215648,4215648,BRCA2,chr13,32379421,,,NM_000059.4(BRCA2):c.8859A>G (p.Glu2953=),0
CV_4215647,4215647,BRCA2,chr13,32379415,,,NM_000059.4(BRCA2):c.8853C>G (p.Ala2951=),0
CV_4215646,4215646,BRCA2,chr13,32379407,,,NM_000059.4(BRCA2):c.8845A>C (p.Arg2949=),0
CV_4215645,4215645,BRCA2,chr13,32379406,,,NM_000059.4(BRCA2):c.8844T>A (p.Ile2948=),0
CV_4215644,4215644,BRCA2,chr13,32379403,,,NM_000059.4(BRCA2):c.8841A>G (p.Glu2947=),0
CV_4215642,4215642,BRCA2,chr13,32379388,,,NM_000059.4(BRCA2):c.8826T>G (p.Ala2942=),0
CV_4215641,4215641,BRCA2,chr13,32379388,,,NM_000059.4(BRCA2):c.8826T>A (p.Ala2942=),0
CV_4215640,4215640,BRCA2,chr13,32379382,,,NM_000059.4(BRCA2):c.8820A>G (p.Lys2940=),0
CV_4215639,4215639,BRCA2,chr13,32379364,,,NM_000059.4(BRCA2):c.8802A>G (p.Gln2934=),0
CV_4215638,4215638,BRCA2,chr13,32379355,,,NM_000059.4(BRCA2):c.8793T>C (p.Asn2931=),0
CV_4215637,4215637,BRCA2,chr13,32379352,,,NM_000059.4(BRCA2):c.8790T>C (p.Asn2930=),0
CV_4215636,4215636,BRCA2,chr13,32379349,,,NM_000059.4(BRCA2):c.8787G>A (p.Leu2929=),0
CV_4215635,4215635,BRCA2,chr13,32379346,,,NM_000059.4(BRCA2):c.8784C>G (p.Ala2928=),0
CV_4215634,4215634,BRCA2,chr13,32379346,,,NM_000059.4(BRCA2):c.8784C>A (p.Ala2928=),0
CV_4215633,4215633,BRCA2,chr13,32379341,,,NM_000059.4(BRCA2):c.8779A>C (p.Arg2927=),0
CV_4215632,4215632,BRCA2,chr13,32379340,,,NM_000059.4(BRCA2):c.8778A>G (p.Leu2926=),0
CV_4215631,4215631,BRCA2,chr13,32379338,,,NM_000059.4(BRCA2):c.8776T>C (p.Leu2926=),0
CV_4215630,4215630,BRCA2,chr13,32379331,,,NM_000059.4(BRCA2):c.8769A>G (p.Glu2923=),0
CV_4215629,4215629,BRCA2,chr13,32379319,,,NM_000059.4(BRCA2):c.8757T>C (p.Gly2919=),0
CV_4215628,4215628,BRCA2,chr13,32379319,,,NM_000059.4(BRCA2):c.8757T>A (p.Gly2919=),0
CV_4215627,4215627,BRCA2,chr13,32376782,,,NM_000059.4(BRCA2):c.8745T>G (p.Ala2915=),0
CV_4215626,4215626,BRCA2,chr13,32376779,,,NM_000059.4(BRCA2):c.8742A>C (p.Pro2914=),0
CV_4215625,4215625,BRCA2,chr13,32376773,,,NM_000059.4(BRCA2):c.8736A>G (p.Ala2912=),0
CV_4215624,4215624,BRCA2,chr13,32376773,,,NM_000059.4(BRCA2):c.8736A>C (p.Ala2912=),0
CV_4215623,4215623,BRCA2,chr13,32376770,,,NM_000059.4(BRCA2):c.8733A>C (p.Ala2911=),0
CV_4215622,4215622,BRCA2,chr13,32376761,,,NM_000059.4(BRCA2):c.8724G>T (p.Val2908=),0
CV_4215621,4215621,BRCA2,chr13,32376761,,,NM_000059.4(BRCA2):c.8724G>C (p.Val2908=),0
CV_4215620,4215620,BRCA2,chr13,32376749,,,NM_000059.4(BRCA2):c.8712T>G (p.Leu2904=),0
CV_4215619,4215619,BRCA2,chr13,32376749,,,NM_000059.4(BRCA2):c.8712T>C (p.Leu2904=),0
CV_4215618,4215618,BRCA2,chr13,32376749,,,NM_000059.4(BRCA2):c.8712T>A (p.Leu2904=),0
CV_4215617,4215617,BRCA2,chr13,32376746,,,NM_000059.4(BRCA2):c.8709G>A (p.Glu2903=),0
CV_4215616,4215616,BRCA2,chr13,32376743,,,NM_000059.4(BRCA2):c.8706A>G (p.Ala2902=),0
CV_4215615,4215615,BRCA2,chr13,32376740,,,NM_000059.4(BRCA2):c.8703T>G (p.Gly2901=),0
CV_4215614,4215614,BRCA2,chr13,32376740,,,NM_000059.4(BRCA2):c.8703T>C (p.Gly2901=),0
CV_4215613,4215613,BRCA2,chr13,32376729,,,NM_000059.4(BRCA2):c.8692T>C (p.Leu2898=),0
CV_4215612,4215612,BRCA2,chr13,32376728,,,NM_000059.4(BRCA2):c.8691T>C (p.Ala2897=),0
CV_4215610,4215610,BRCA2,chr13,32376728,,,NM_000059.4(BRCA2):c.8691T>A (p.Ala2897=),0
CV_4215609,4215609,BRCA2,chr13,32376722,,,NM_000059.4(BRCA2):c.8685T>G (p.Val2895=),0
CV_4215608,4215608,BRCA2,chr13,32376722,,,NM_000059.4(BRCA2):c.8685T>C (p.Val2895=),0
CV_4215607,4215607,BRCA2,chr13,32376722,,,NM_000059.4(BRCA2):c.8685T>A (p.Val2895=),0
CV_4215606,4215606,BRCA2,chr13,32376710,,,NM_000059.4(BRCA2):c.8673A>T (p.Thr2891=),0
CV_4215605,4215605,BRCA2,chr13,32376710,,,NM_000059.4(BRCA2):c.8673A>G (p.Thr2891=),0
CV_4215604,4215604,BRCA2,chr13,32376710,,,NM_000059.4(BRCA2):c.8673A>C (p.Thr2891=),0
CV_4215603,4215603,BRCA2,chr13,32376707,,,NM_000059.4(BRCA2):c.8670A>G (p.Leu2890=),0
CV_4215602,4215602,BRCA2,chr13,32376707,,,NM_000059.4(BRCA2):c.8670A>C (p.Leu2890=),0
CV_4215601,4215601,BRCA2,chr13,32376704,,,NM_000059.4(BRCA2):c.8667A>T (p.Ala2889=),0
CV_4215599,4215599,BRCA2,chr13,32376701,,,NM_000059.4(BRCA2):c.8664T>A (p.Arg2888=),0
CV_4215598,4215598,BRCA2,chr13,32376698,,,NM_000059.4(BRCA2):c.8661A>T (p.Ser2887=),0
CV_4215597,4215597,BRCA2,chr13,32376698,,,NM_000059.4(BRCA2):c.8661A>C (p.Ser2887=),0
CV_4215596,4215596,BRCA2,chr13,32376695,,,NM_000059.4(BRCA2):c.8658A>T (p.Pro2886=),0
CV_4215595,4215595,BRCA2,chr13,32376686,,,NM_000059.4(BRCA2):c.8649A>C (p.Pro2883=),0
CV_4215594,4215594,BRCA2,chr13,32376680,,,NM_000059.4(BRCA2):c.8643A>C (p.Thr2881=),0
CV_4215593,4215593,BRCA2,chr13,32371069,,,NM_000059.4(BRCA2):c.8601T>A (p.Thr2867=),0
CV_4215591,4215591,BRCA2,chr13,32371060,,,NM_000059.4(BRCA2):c.8592C>G (p.Ala2864=),0
CV_4215590,4215590,BRCA2,chr13,32371024,,,NM_000059.4(BRCA2):c.8556A>C (p.Ala2852=),0
CV_4215589,4215589,BRCA2,chr13,32371021,,,NM_000059.4(BRCA2):c.8553A>T (p.Ala2851=),0
CV_4215588,4215588,BRCA2,chr13,32371021,,,NM_000059.4(BRCA2):c.8553A>C (p.Ala2851=),0
CV_4215587,4215587,BRCA2,chr13,32371012,,,NM_000059.4(BRCA2):c.8544A>G (p.Glu2848=),0
CV_4215586,4215586,BRCA2,chr13,32371009,,,NM_000059.4(BRCA2):c.8541A>G (p.Glu2847=),0
CV_4215585,4215585,BRCA2,chr13,32371000,,,NM_000059.4(BRCA2):c.8532A>G (p.Glu2844=),0
CV_4215583,4215583,BRCA2,chr13,32370994,,,NM_000059.4(BRCA2):c.8526C>G (p.Arg2842=),0
CV_4215582,4215582,BRCA2,chr13,32370994,,,NM_000059.4(BRCA2):c.8526C>A (p.Arg2842=),0
CV_4215581,4215581,BRCA2,chr13,32370991,,,NM_000059.4(BRCA2):c.8523T>C (p.Phe2841=),0
CV_4215580,4215580,BRCA2,chr13,32370988,,,NM_000059.4(BRCA2):c.8520A>T (p.Ile2840=),0
CV_4215579,4215579,BRCA2,chr13,32370980,,,NM_000059.4(BRCA2):c.8512T>C (p.Leu2838=),0
CV_4215578,4215578,BRCA2,chr13,32370979,,,NM_000059.4(BRCA2):c.8511A>T (p.Gly2837=),0
CV_4215577,4215577,BRCA2,chr13,32370979,,,NM_000059.4(BRCA2):c.8511A>C (p.Gly2837=),0
CV_4215576,4215576,BRCA2,chr13,32370976,,,NM_000059.4(BRCA2):c.8508T>G (p.Ser2836=),0
CV_4215574,4215574,BRCA2,chr13,32370976,,,NM_000059.4(BRCA2):c.8508T>A (p.Ser2836=),0
CV_4215573,4215573,BRCA2,chr13,32370973,,,NM_000059.4(BRCA2):c.8505A>T (p.Ser2835=),0
CV_4215572,4215572,BRCA2,chr13,32370973,,,NM_000059.4(BRCA2):c.8505A>C (p.Ser2835=),0
CV_4215571,4215571,BRCA2,chr13,32370970,,,NM_000059.4(BRCA2):c.8502A>T (p.Thr2834=),0
CV_4215570,4215570,BRCA2,chr13,32370970,,,NM_000059.4(BRCA2):c.8502A>C (p.Thr2834=),0
CV_4215569,4215569,BRCA2,chr13,32370964,,,NM_000059.4(BRCA2):c.8496G>A (p.Glu2832=),0
CV_4215568,4215568,BRCA2,chr13,32370554,,,NM_000059.4(BRCA2):c.8484A>C (p.Ile2828=),0
CV_4215567,4215567,BRCA2,chr13,32370551,,,NM_000059.4(BRCA2):c.8481T>G (p.Pro2827=),0
CV_4215565,4215565,BRCA2,chr13,32370545,,,NM_000059.4(BRCA2):c.8475A>T (p.Ala2825=),0
CV_4215564,4215564,BRCA2,chr13,32370540,,,NM_000059.4(BRCA2):c.8470A>C (p.Arg2824=),0
CV_4215563,4215563,BRCA2,chr13,32370536,,,NM_000059.4(BRCA2):c.8466T>A (p.Ile2822=),0
CV_4215562,4215562,BRCA2,chr13,32370533,,,NM_000059.4(BRCA2):c.8463T>C (p.Ile2821=),0
CV_4215561,4215561,BRCA2,chr13,32370533,,,NM_000059.4(BRCA2):c.8463T>A (p.Ile2821=),0
CV_4215560,4215560,BRCA2,chr13,32370530,,,NM_000059.4(BRCA2):c.8460A>T (p.Val2820=),0
CV_4215559,4215559,BRCA2,chr13,32370524,,,NM_000059.4(BRCA2):c.8454T>G (p.Val2818=),0
CV_4215558,4215558,BRCA2,chr13,32370524,,,NM_000059.4(BRCA2):c.8454T>C (p.Val2818=),0
CV_4215556,4215556,BRCA2,chr13,32370518,,,NM_000059.4(BRCA2):c.8448T>G (p.Gly2816=),0
CV_4215555,4215555,BRCA2,chr13,32370518,,,NM_000059.4(BRCA2):c.8448T>C (p.Gly2816=),0
CV_4215554,4215554,BRCA2,chr13,32370518,,,NM_000059.4(BRCA2):c.8448T>A (p.Gly2816=),0
CV_4215553,4215553,BRCA2,chr13,32370515,,,NM_000059.4(BRCA2):c.8445T>G (p.Val2815=),0
CV_4215552,4215552,BRCA2,chr13,32370509,,,NM_000059.4(BRCA2):c.8439A>G (p.Gly2813=),0
CV_4215551,4215551,BRCA2,chr13,32370506,,,NM_000059.4(BRCA2):c.8436A>T (p.Gly2812=),0
CV_4215550,4215550,BRCA2,chr13,32370506,,,NM_000059.4(BRCA2):c.8436A>G (p.Gly2812=),0
CV_4215549,4215549,BRCA2,chr13,32370506,,,NM_000059.4(BRCA2):c.8436A>C (p.Gly2812=),0
CV_4215548,4215548,BRCA2,chr13,32370503,,,NM_000059.4(BRCA2):c.8433T>C (p.Asp2811=),0
CV_4215547,4215547,BRCA2,chr13,32370500,,,NM_000059.4(BRCA2):c.8430T>C (p.Ser2810=),0
CV_4215546,4215546,BRCA2,chr13,32370483,,,NM_000059.4(BRCA2):c.8413T>C (p.Leu2805=),0
CV_4215545,4215545,BRCA2,chr13,32370482,,,NM_000059.4(BRCA2):c.8412C>A (p.Pro2804=),0
CV_4215544,4215544,BRCA2,chr13,32370479,,,NM_000059.4(BRCA2):c.8409G>A (p.Leu2803=),0
CV_4215543,4215543,BRCA2,chr13,32370476,,,NM_000059.4(BRCA2):c.8406T>C (p.Pro2802=),0
CV_4215542,4215542,BRCA2,chr13,32370476,,,NM_000059.4(BRCA2):c.8406T>A (p.Pro2802=),0
CV_4215541,4215541,BRCA2,chr13,32370470,,,NM_000059.4(BRCA2):c.8400T>G (p.Pro2800=),0
CV_4215540,4215540,BRCA2,chr13,32370465,,,NM_000059.4(BRCA2):c.8395A>C (p.Arg2799=),0
CV_4215539,4215539,BRCA2,chr13,32370464,,,NM_000059.4(BRCA2):c.8394T>C (p.Pro2798=),0
CV_4215538,4215538,BRCA2,chr13,32370464,,,NM_000059.4(BRCA2):c.8394T>A (p.Pro2798=),0
CV_4215537,4215537,BRCA2,chr13,32370458,,,NM_000059.4(BRCA2):c.8388T>A (p.Pro2796=),0
CV_4215536,4215536,BRCA2,chr13,32370452,,,NM_000059.4(BRCA2):c.8382C>T (p.Phe2794=),0
CV_4215535,4215535,BRCA2,chr13,32370449,,,NM_000059.4(BRCA2):c.8379A>C (p.Gly2793=),0
CV_4215534,4215534,BRCA2,chr13,32370446,,,NM_000059.4(BRCA2):c.8376T>G (p.Leu2792=),0
CV_4215533,4215533,BRCA2,chr13,32370446,,,NM_000059.4(BRCA2):c.8376T>C (p.Leu2792=),0
CV_4215532,4215532,BRCA2,chr13,32370431,,,NM_000059.4(BRCA2):c.8361C>T (p.Arg2787=),0
CV_4215530,4215530,BRCA2,chr13,32370431,,,NM_000059.4(BRCA2):c.8361C>A (p.Arg2787=),0
CV_4215529,4215529,BRCA2,chr13,32370428,,,NM_000059.4(BRCA2):c.8358T>G (p.Ala2786=),0
CV_4215528,4215528,BRCA2,chr13,32370428,,,NM_000059.4(BRCA2):c.8358T>A (p.Ala2786=),0
CV_4215527,4215527,BRCA2,chr13,32370425,,,NM_000059.4(BRCA2):c.8355T>G (p.Pro2785=),0
CV_4215526,4215526,BRCA2,chr13,32370419,,,NM_000059.4(BRCA2):c.8349T>G (p.Thr2783=),0
CV_4215525,4215525,BRCA2,chr13,32370419,,,NM_000059.4(BRCA2):c.8349T>A (p.Thr2783=),0
CV_4215524,4215524,BRCA2,chr13,32370416,,,NM_000059.4(BRCA2):c.8346T>C (p.Ser2782=),0
CV_4215523,4215523,BRCA2,chr13,32370410,,,NM_000059.4(BRCA2):c.8340T>A (p.Ala2780=),0
CV_4215521,4215521,BRCA2,chr13,32370407,,,NM_000059.4(BRCA2):c.8337T>G (p.Ser2779=),0
CV_4215520,4215520,BRCA2,chr13,32370407,,,NM_000059.4(BRCA2):c.8337T>C (p.Ser2779=),0
CV_4215519,4215519,BRCA2,chr13,32370404,,,NM_000059.4(BRCA2):c.8334T>C (p.Ile2778=),0
CV_4215518,4215518,BRCA2,chr13,32370404,,,NM_000059.4(BRCA2):c.8334T>A (p.Ile2778=),0
CV_4215517,4215517,BRCA2,chr13,32363530,,,NM_000059.4(BRCA2):c.8328A>G (p.Leu2776=),0
CV_4215516,4215516,BRCA2,chr13,32363524,,,NM_000059.4(BRCA2):c.8322T>G (p.Leu2774=),0
CV_4215515,4215515,BRCA2,chr13,32363524,,,NM_000059.4(BRCA2):c.8322T>A (p.Leu2774=),0
CV_4215514,4215514,BRCA2,chr13,32363521,,,NM_000059.4(BRCA2):c.8319T>G (p.Ser2773=),0
CV_4215513,4215513,BRCA2,chr13,32363521,,,NM_000059.4(BRCA2):c.8319T>A (p.Ser2773=),0
CV_4215512,4215512,BRCA2,chr13,32363515,,,NM_000059.4(BRCA2):c.8313A>T (p.Pro2771=),0
CV_4215509,4215509,BRCA2,chr13,32363515,,,NM_000059.4(BRCA2):c.8313A>C (p.Pro2771=),0
CV_4215508,4215508,BRCA2,chr13,32363512,,,NM_000059.4(BRCA2):c.8310C>T (p.Ala2770=),0
CV_4215507,4215507,BRCA2,chr13,32363512,,,NM_000059.4(BRCA2):c.8310C>G (p.Ala2770=),0
CV_4215506,4215506,BRCA2,chr13,32363512,,,NM_000059.4(BRCA2):c.8310C>A (p.Ala2770=),0
CV_4215505,4215505,BRCA2,chr13,32363506,,,NM_000059.4(BRCA2):c.8304T>C (p.Leu2768=),0
CV_4215504,4215504,BRCA2,chr13,32363506,,,NM_000059.4(BRCA2):c.8304T>A (p.Leu2768=),0
CV_4215503,4215503,BRCA2,chr13,32363500,,,NM_000059.4(BRCA2):c.8298A>T (p.Thr2766=),0
CV_4215502,4215502,BRCA2,chr13,32363488,,,NM_000059.4(BRCA2):c.8286T>A (p.Pro2762=),0
CV_4215500,4215500,BRCA2,chr13,32363485,,,NM_000059.4(BRCA2):c.8283T>A (p.Ser2761=),0
CV_4215499,4215499,BRCA2,chr13,32363482,,,NM_000059.4(BRCA2):c.8280C>A (p.Gly2760=),0
CV_4215498,4215498,BRCA2,chr13,32363474,,,NM_000059.4(BRCA2):c.8272C>T (p.Leu2758=),0
CV_4215497,4215497,BRCA2,chr13,32363470,,,NM_000059.4(BRCA2):c.8268A>T (p.Ala2756=),0
CV_4215496,4215496,BRCA2,chr13,32363467,,,NM_000059.4(BRCA2):c.8265A>C (p.Gly2755=),0
CV_4215495,4215495,BRCA2,chr13,32363461,,,NM_000059.4(BRCA2):c.8259T>G (p.Leu2753=),0
CV_4215493,4215493,BRCA2,chr13,32363461,,,NM_000059.4(BRCA2):c.8259T>A (p.Leu2753=),0
CV_4215492,4215492,BRCA2,chr13,32363458,,,NM_000059.4(BRCA2):c.8256T>C (p.Ile2752=),0
CV_4215491,4215491,BRCA2,chr13,32363458,,,NM_000059.4(BRCA2):c.8256T>A (p.Ile2752=),0
CV_4215490,4215490,BRCA2,chr13,32363446,,,NM_000059.4(BRCA2):c.8244T>G (p.Gly2748=),0
CV_4215489,4215489,BRCA2,chr13,32363443,,,NM_000059.4(BRCA2):c.8241T>G (p.Val2747=),0
CV_4215488,4215488,BRCA2,chr13,32363443,,,NM_000059.4(BRCA2):c.8241T>C (p.Val2747=),0
CV_4215487,4215487,BRCA2,chr13,32363443,,,NM_000059.4(BRCA2):c.8241T>A (p.Val2747=),0
CV_4215486,4215486,BRCA2,chr13,32363440,,,NM_000059.4(BRCA2):c.8238A>T (p.Thr2746=),0
CV_4215485,4215485,BRCA2,chr13,32363437,,,NM_000059.4(BRCA2):c.8235G>T (p.Leu2745=),0
CV_4215483,4215483,BRCA2,chr13,32363437,,,NM_000059.4(BRCA2):c.8235G>A (p.Leu2745=),0
CV_4215482,4215482,BRCA2,chr13,32363434,,,NM_000059.4(BRCA2):c.8232A>G (p.Arg2744=),0
CV_4215481,4215481,BRCA2,chr13,32363432,,,NM_000059.4(BRCA2):c.8230A>C (p.Arg2744=),0
CV_4215480,4215480,BRCA2,chr13,32363431,,,NM_000059.4(BRCA2):c.8229C>A (p.Gly2743=),0
CV_4215479,4215479,BRCA2,chr13,32363420,,,NM_000059.4(BRCA2):c.8218T>C (p.Leu2740=),0
CV_4215478,4215478,BRCA2,chr13,32363419,,,NM_000059.4(BRCA2):c.8217C>T (p.Val2739=),0
CV_4215476,4215476,BRCA2,chr13,32363416,,,NM_000059.4(BRCA2):c.8214T>G (p.Ala2738=),0
CV_4215475,4215475,BRCA2,chr13,32363416,,,NM_000059.4(BRCA2):c.8214T>A (p.Ala2738=),0
CV_4215474,4215474,BRCA2,chr13,32363410,,,NM_000059.4(BRCA2):c.8208C>G (p.Leu2736=),0
CV_4215473,4215473,BRCA2,chr13,32363407,,,NM_000059.4(BRCA2):c.8205C>A (p.Pro2735=),0
CV_4215472,4215472,BRCA2,chr13,32363404,,,NM_000059.4(BRCA2):c.8202T>G (p.Pro2734=),0
CV_4215471,4215471,BRCA2,chr13,32363386,,,NM_000059.4(BRCA2):c.8184T>G (p.Val2728=),0
CV_4215470,4215470,BRCA2,chr13,32363386,,,NM_000059.4(BRCA2):c.8184T>A (p.Val2728=),0
CV_4215468,4215468,BRCA2,chr13,32363383,,,NM_000059.4(BRCA2):c.8181T>G (p.Ala2727=),0
CV_4215467,4215467,BRCA2,chr13,32363383,,,NM_000059.4(BRCA2):c.8181T>A (p.Ala2727=),0
CV_4215466,4215466,BRCA2,chr13,32363374,,,NM_000059.4(BRCA2):c.8172G>C (p.Gly2724=),0
CV_4215465,4215465,BRCA2,chr13,32363368,,,NM_000059.4(BRCA2):c.8166A>T (p.Thr2722=),0
CV_4215464,4215464,BRCA2,chr13,32363365,,,NM_000059.4(BRCA2):c.8163T>G (p.Leu2721=),0
CV_4215463,4215463,BRCA2,chr13,32363365,,,NM_000059.4(BRCA2):c.8163T>A (p.Leu2721=),0
CV_4215462,4215462,BRCA2,chr13,32363359,,,NM_000059.4(BRCA2):c.8157T>A (p.Ile2719=),0
CV_4215461,4215461,BRCA2,chr13,32363356,,,NM_000059.4(BRCA2):c.8154T>A (p.Ile2718=),0
CV_4215459,4215459,BRCA2,chr13,32363353,,,NM_000059.4(BRCA2):c.8151C>A (p.Ala2717=),0
CV_4215458,4215458,BRCA2,chr13,32363347,,,NM_000059.4(BRCA2):c.8145A>G (p.Lys2715=),0
CV_4215457,4215457,BRCA2,chr13,32363341,,,NM_000059.4(BRCA2):c.8139C>T (p.Thr2713=),0
CV_4215456,4215456,BRCA2,chr13,32363335,,,NM_000059.4(BRCA2):c.8133A>T (p.Ala2711=),0
CV_4215455,4215455,BRCA2,chr13,32363335,,,NM_000059.4(BRCA2):c.8133A>C (p.Ala2711=),0
CV_4215454,4215454,BRCA2,chr13,32363326,,,NM_000059.4(BRCA2):c.8124T>A (p.Thr2708=),0
CV_4215453,4215453,BRCA2,chr13,32363314,,,NM_000059.4(BRCA2):c.8112T>G (p.Ser2704=),0
CV_4215451,4215451,BRCA2,chr13,32363314,,,NM_000059.4(BRCA2):c.8112T>A (p.Ser2704=),0
CV_4215450,4215450,BRCA2,chr13,32363311,,,NM_000059.4(BRCA2):c.8109T>G (p.Thr2703=),0
CV_4215449,4215449,BRCA2,chr13,32363311,,,NM_000059.4(BRCA2):c.8109T>C (p.Thr2703=),0
CV_4215448,4215448,BRCA2,chr13,32363311,,,NM_000059.4(BRCA2):c.8109T>A (p.Thr2703=),0
CV_4215447,4215447,BRCA2,chr13,32363305,,,NM_000059.4(BRCA2):c.8103T>A (p.Ser2701=),0
CV_4215446,4215446,BRCA2,chr13,32363302,,,NM_000059.4(BRCA2):c.8100A>T (p.Ile2700=),0
CV_4215445,4215445,BRCA2,chr13,32363302,,,NM_000059.4(BRCA2):c.8100A>C (p.Ile2700=),0
CV_4215444,4215444,BRCA2,chr13,32363296,,,NM_000059.4(BRCA2):c.8094A>T (p.Ala2698=),0
CV_4215443,4215443,BRCA2,chr13,32363296,,,NM_000059.4(BRCA2):c.8094A>G (p.Ala2698=),0
CV_4215441,4215441,BRCA2,chr13,32363296,,,NM_000059.4(BRCA2):c.8094A>C (p.Ala2698=),0
CV_4215440,4215440,BRCA2,chr13,32363287,,,NM_000059.4(BRCA2):c.8085A>C (p.Ser2695=),0
CV_4215439,4215439,BRCA2,chr13,32363284,,,NM_000059.4(BRCA2):c.8082T>C (p.Ile2694=),0
CV_4215438,4215438,BRCA2,chr13,32363284,,,NM_000059.4(BRCA2):c.8082T>A (p.Ile2694=),0
CV_4215437,4215437,BRCA2,chr13,32363281,,,NM_000059.4(BRCA2):c.8079A>T (p.Ile2693=),0
CV_4215436,4215436,BRCA2,chr13,32363281,,,NM_000059.4(BRCA2):c.8079A>C (p.Ile2693=),0
CV_4215435,4215435,BRCA2,chr13,32363275,,,NM_000059.4(BRCA2):c.8073T>G (p.Ser2691=),0
CV_4215434,4215434,BRCA2,chr13,32363275,,,NM_000059.4(BRCA2):c.8073T>C (p.Ser2691=),0
CV_4215433,4215433,BRCA2,chr13,32363275,,,NM_000059.4(BRCA2):c.8073T>A (p.Ser2691=),0
CV_4215431,4215431,BRCA2,chr13,32363272,,,NM_000059.4(BRCA2):c.8070T>A (p.Val2690=),0
CV_4215430,4215430,BRCA2,chr13,32363266,,,NM_000059.4(BRCA2):c.8064C>G (p.Leu2688=),0
CV_4215429,4215429,BRCA2,chr13,32363266,,,NM_000059.4(BRCA2):c.8064C>A (p.Leu2688=),0
CV_4215428,4215428,BRCA2,chr13,32363263,,,NM_000059.4(BRCA2):c.8061T>G (p.Val2687=),0
CV_4215427,4215427,BRCA2,chr13,32363263,,,NM_000059.4(BRCA2):c.8061T>A (p.Val2687=),0
CV_4215426,4215426,BRCA2,chr13,32363260,,,NM_000059.4(BRCA2):c.8058T>G (p.Leu2686=),0
CV_4215425,4215425,BRCA2,chr13,32363260,,,NM_000059.4(BRCA2):c.8058T>A (p.Leu2686=),0
CV_4215424,4215424,BRCA2,chr13,32363257,,,NM_000059.4(BRCA2):c.8055A>C (p.Thr2685=),0
CV_4215421,4215421,BRCA2,chr13,32363254,,,NM_000059.4(BRCA2):c.8052A>G (p.Lys2684=),0
CV_4215420,4215420,BRCA2,chr13,32363251,,,NM_000059.4(BRCA2):c.8049A>T (p.Ala2683=),0
CV_4215419,4215419,BRCA2,chr13,32363251,,,NM_000059.4(BRCA2):c.8049A>C (p.Ala2683=),0
CV_4215418,4215418,BRCA2,chr13,32363248,,,NM_000059.4(BRCA2):c.8046T>G (p.Ala2682=),0
CV_4215417,4215417,BRCA2,chr13,32363248,,,NM_000059.4(BRCA2):c.8046T>A (p.Ala2682=),0
CV_4215416,4215416,BRCA2,chr13,32363245,,,NM_000059.4(BRCA2):c.8043A>T (p.Thr2681=),0
CV_4215415,4215415,BRCA2,chr13,32363245,,,NM_000059.4(BRCA2):c.8043A>C (p.Thr2681=),0
CV_4215414,4215414,BRCA2,chr13,32363239,,,NM_000059.4(BRCA2):c.8037T>C (p.Asp2679=),0
CV_4215413,4215413,BRCA2,chr13,32363227,,,NM_000059.4(BRCA2):c.8025A>T (p.Ile2675=),0
CV_4215411,4215411,BRCA2,chr13,32363227,,,NM_000059.4(BRCA2):c.8025A>C (p.Ile2675=),0
CV_4215410,4215410,BRCA2,chr13,32363224,,,NM_000059.4(BRCA2):c.8022G>A (p.Lys2674=),0
CV_4215409,4215409,BRCA2,chr13,32363221,,,NM_000059.4(BRCA2):c.8019A>G (p.Lys2673=),0
CV_4215408,4215408,BRCA2,chr13,32363218,,,NM_000059.4(BRCA2):c.8016A>T (p.Ile2672=),0
CV_4215407,4215407,BRCA2,chr13,32363215,,,NM_000059.4(BRCA2):c.8013T>G (p.Ala2671=),0
CV_4215406,4215406,BRCA2,chr13,32363215,,,NM_000059.4(BRCA2):c.8013T>C (p.Ala2671=),0
CV_4215405,4215405,BRCA2,chr13,32363215,,,NM_000059.4(BRCA2):c.8013T>A (p.Ala2671=),0
CV_4215403,4215403,BRCA2,chr13,32363204,,,NM_000059.4(BRCA2):c.8002A>C (p.Arg2668=),0
CV_4215402,4215402,BRCA2,chr13,32363198,,,NM_000059.4(BRCA2):c.7996A>C (p.Arg2666=),0
CV_4215401,4215401,BRCA2,chr13,32363188,,,NM_000059.4(BRCA2):c.7986G>C (p.Thr2662=),0
CV_4215400,4215400,BRCA2,chr13,32362685,,,NM_000059.4(BRCA2):c.7968A>T (p.Leu2656=),0
CV_4215399,4215399,BRCA2,chr13,32362685,,,NM_000059.4(BRCA2):c.7968A>C (p.Leu2656=),0
CV_4215398,4215398,BRCA2,chr13,32362679,,,NM_000059.4(BRCA2):c.7962T>G (p.Leu2654=),0
CV_4215397,4215397,BRCA2,chr13,32362673,,,NM_000059.4(BRCA2):c.7956G>C (p.Val2652=),0
CV_4215396,4215396,BRCA2,chr13,32362670,,,NM_000059.4(BRCA2):c.7953G>A (p.Arg2651=),0
CV_4215395,4215395,BRCA2,chr13,32362658,,,NM_000059.4(BRCA2):c.7941A>T (p.Leu2647=),0
CV_4215394,4215394,BRCA2,chr13,32362650,,,NM_000059.4(BRCA2):c.7933A>C (p.Arg2645=),0
CV_4215392,4215392,BRCA2,chr13,32362646,,,NM_000059.4(BRCA2):c.7929T>A (p.Ala2643=),0
CV_4215391,4215391,BRCA2,chr13,32362643,,,NM_000059.4(BRCA2):c.7926T>C (p.Phe2642=),0
CV_4215390,4215390,BRCA2,chr13,32362640,,,NM_000059.4(BRCA2):c.7923A>G (p.Glu2641=),0
CV_4215389,4215389,BRCA2,chr13,32362634,,,NM_000059.4(BRCA2):c.7917T>G (p.Pro2639=),0
CV_4215388,4215388,BRCA2,chr13,32362634,,,NM_000059.4(BRCA2):c.7917T>A (p.Pro2639=),0
CV_4215387,4215387,BRCA2,chr13,32362631,,,NM_000059.4(BRCA2):c.7914T>C (p.Phe2638=),0
CV_4215386,4215386,BRCA2,chr13,32362616,,,NM_000059.4(BRCA2):c.7899T>C (p.Ala2633=),0
CV_4215385,4215385,BRCA2,chr13,32362610,,,NM_000059.4(BRCA2):c.7893G>T (p.Leu2631=),0
CV_4215383,4215383,BRCA2,chr13,32362610,,,NM_000059.4(BRCA2):c.7893G>C (p.Leu2631=),0
CV_4215382,4215382,BRCA2,chr13,32362610,,,NM_000059.4(BRCA2):c.7893G>A (p.Leu2631=),0
CV_4215381,4215381,BRCA2,chr13,32362601,,,NM_000059.4(BRCA2):c.7884A>C (p.Ile2628=),0
CV_4215380,4215380,BRCA2,chr13,32362598,,,NM_000059.4(BRCA2):c.7881C>T (p.Ile2627=),0
CV_4215379,4215379,BRCA2,chr13,32362583,,,NM_000059.4(BRCA2):c.7866T>C (p.Asn2622=),0
CV_4215378,4215378,BRCA2,chr13,32362580,,,NM_000059.4(BRCA2):c.7863T>C (p.Tyr2621=),0
CV_4215377,4215377,BRCA2,chr13,32362577,,,NM_000059.4(BRCA2):c.7860T>G (p.Val2620=),0
CV_4215376,4215376,BRCA2,chr13,32362577,,,NM_000059.4(BRCA2):c.7860T>C (p.Val2620=),0
CV_4215374,4215374,BRCA2,chr13,32362571,,,NM_000059.4(BRCA2):c.7854T>C (p.Ile2618=),0
CV_4215373,4215373,BRCA2,chr13,32362571,,,NM_000059.4(BRCA2):c.7854T>A (p.Ile2618=),0
CV_4215372,4215372,BRCA2,chr13,32362568,,,NM_000059.4(BRCA2):c.7851A>G (p.Arg2617=),0
CV_4215371,4215371,BRCA2,chr13,32362565,,,NM_000059.4(BRCA2):c.7848T>G (p.Ser2616=),0
CV_4215370,4215370,BRCA2,chr13,32362565,,,NM_000059.4(BRCA2):c.7848T>C (p.Ser2616=),0
CV_4215369,4215369,BRCA2,chr13,32362565,,,NM_000059.4(BRCA2):c.7848T>A (p.Ser2616=),0
CV_4215368,4215368,BRCA2,chr13,32362562,,,NM_000059.4(BRCA2):c.7845T>C (p.Ile2615=),0
CV_4215367,4215367,BRCA2,chr13,32362562,,,NM_000059.4(BRCA2):c.7845T>A (p.Ile2615=),0
CV_4215366,4215366,BRCA2,chr13,32362559,,,NM_000059.4(BRCA2):c.7842T>G (p.Leu2614=),0
CV_4215365,4215365,BRCA2,chr13,32362559,,,NM_000059.4(BRCA2):c.7842T>C (p.Leu2614=),0
CV_4215363,4215363,BRCA2,chr13,32362550,,,NM_000059.4(BRCA2):c.7833T>C (p.Asp2611=),0
CV_4215362,4215362,BRCA2,chr13,32362544,,,NM_000059.4(BRCA2):c.7827T>G (p.Gly2609=),0
CV_4215361,4215361,BRCA2,chr13,32362541,,,NM_000059.4(BRCA2):c.7824A>C (p.Pro2608=),0
CV_4215360,4215360,BRCA2,chr13,32362538,,,NM_000059.4(BRCA2):c.7821T>G (p.Thr2607=),0
CV_4215359,4215359,BRCA2,chr13,32362538,,,NM_000059.4(BRCA2):c.7821T>A (p.Thr2607=),0
CV_4215358,4215358,BRCA2,chr13,32362527,,,NM_000059.4(BRCA2):c.7810C>T (p.Leu2604=),0
CV_4215357,4215357,BRCA2,chr13,32362526,,,NM_000059.4(BRCA2):c.7809T>G (p.Ala2603=),0
CV_4215355,4215355,BRCA2,chr13,32362526,,,NM_000059.4(BRCA2):c.7809T>C (p.Ala2603=),0
CV_4215354,4215354,BRCA2,chr13,32362526,,,NM_000059.4(BRCA2):c.7809T>A (p.Ala2603=),0
CV_4215353,4215353,BRCA2,chr13,32362523,,,NM_000059.4(BRCA2):c.7806G>A (p.Arg2602=),0
CV_4215352,4215352,BRCA2,chr13,32357928,,,NM_000059.4(BRCA2):c.7804A>C (p.Arg2602=),0
CV_4215351,4215351,BRCA2,chr13,32357924,,,NM_000059.4(BRCA2):c.7800T>C (p.Phe2600=),0
CV_4215350,4215350,BRCA2,chr13,32357921,,,NM_000059.4(BRCA2):c.7797A>G (p.Glu2599=),0
CV_4215349,4215349,BRCA2,chr13,32357918,,,NM_000059.4(BRCA2):c.7794A>G (p.Glu2598=),0
CV_4215348,4215348,BRCA2,chr13,32357912,,,NM_000059.4(BRCA2):c.7788A>G (p.Gly2596=),0
CV_4215347,4215347,BRCA2,chr13,32357912,,,NM_000059.4(BRCA2):c.7788A>C (p.Gly2596=),0
CV_4215345,4215345,BRCA2,chr13,32357903,,,NM_000059.4(BRCA2):c.7779A>C (p.Gly2593=),0
CV_4215344,4215344,BRCA2,chr13,32357894,,,NM_000059.4(BRCA2):c.7770C>T (p.Ser2590=),0
CV_4215343,4215343,BRCA2,chr13,32357888,,,NM_000059.4(BRCA2):c.7764A>C (p.Ile2588=),0
CV_4215342,4215342,BRCA2,chr13,32357876,,,NM_000059.4(BRCA2):c.7752T>C (p.Gly2584=),0
CV_4215341,4215341,BRCA2,chr13,32357876,,,NM_000059.4(BRCA2):c.7752T>A (p.Gly2584=),0
CV_4215340,4215340,BRCA2,chr13,32357870,,,NM_000059.4(BRCA2):c.7746T>G (p.Ala2582=),0
CV_4215339,4215339,BRCA2,chr13,32357870,,,NM_000059.4(BRCA2):c.7746T>C (p.Ala2582=),0
CV_4215338,4215338,BRCA2,chr13,32357870,,,NM_000059.4(BRCA2):c.7746T>A (p.Ala2582=),0
CV_4215337,4215337,BRCA2,chr13,32357861,,,NM_000059.4(BRCA2):c.7737A>T (p.Ile2579=),0
CV_4215336,4215336,BRCA2,chr13,32357861,,,NM_000059.4(BRCA2):c.7737A>C (p.Ile2579=),0
CV_4215335,4215335,BRCA2,chr13,32357858,,,NM_000059.4(BRCA2):c.7734A>C (p.Gly2578=),0
CV_4215334,4215334,BRCA2,chr13,32357852,,,NM_000059.4(BRCA2):c.7728A>C (p.Gly2576=),0
CV_4215333,4215333,BRCA2,chr13,32357849,,,NM_000059.4(BRCA2):c.7725T>A (p.Thr2575=),0
CV_4215332,4215332,BRCA2,chr13,32357801,,,NM_000059.4(BRCA2):c.7677T>C (p.Ser2559=),0
CV_4215331,4215331,BRCA2,chr13,32357798,,,NM_000059.4(BRCA2):c.7674G>A (p.Glu2558=),0
CV_4215328,4215328,BRCA2,chr13,32357780,,,NM_000059.4(BRCA2):c.7656T>C (p.Ile2552=),0
CV_4215327,4215327,BRCA2,chr13,32357762,,,NM_000059.4(BRCA2):c.7638T>A (p.Ser2546=),0
CV_4215326,4215326,BRCA2,chr13,32356606,,,NM_000059.4(BRCA2):c.7614A>G (p.Lys2538=),0
CV_4215325,4215325,BRCA2,chr13,32356591,,,NM_000059.4(BRCA2):c.7599T>G (p.Ser2533=),0
CV_4215324,4215324,BRCA2,chr13,32356591,,,NM_000059.4(BRCA2):c.7599T>A (p.Ser2533=),0
CV_4215323,4215323,BRCA2,chr13,32356585,,,NM_000059.4(BRCA2):c.7593T>G (p.Val2531=),0
CV_4215322,4215322,BRCA2,chr13,32356585,,,NM_000059.4(BRCA2):c.7593T>C (p.Val2531=),0
CV_4215320,4215320,BRCA2,chr13,32356579,,,NM_000059.4(BRCA2):c.7587C>A (p.Gly2529=),0
CV_4215319,4215319,BRCA2,chr13,32356576,,,NM_000059.4(BRCA2):c.7584A>T (p.Gly2528=),0
CV_4215318,4215318,BRCA2,chr13,32356576,,,NM_000059.4(BRCA2):c.7584A>C (p.Gly2528=),0
CV_4215317,4215317,BRCA2,chr13,32356570,,,NM_000059.4(BRCA2):c.7578A>C (p.Ala2526=),0
CV_4215316,4215316,BRCA2,chr13,32356567,,,NM_000059.4(BRCA2):c.7575A>C (p.Ala2525=),0
CV_4215315,4215315,BRCA2,chr13,32356561,,,NM_000059.4(BRCA2):c.7569G>T (p.Leu2523=),0
CV_4215314,4215314,BRCA2,chr13,32356561,,,NM_000059.4(BRCA2):c.7569G>C (p.Leu2523=),0
CV_4215313,4215313,BRCA2,chr13,32356550,,,NM_000059.4(BRCA2):c.7558C>A (p.Arg2520=),0
CV_4215312,4215312,BRCA2,chr13,32356549,,,NM_000059.4(BRCA2):c.7557T>A (p.Pro2519=),0
CV_4215310,4215310,BRCA2,chr13,32356546,,,NM_000059.4(BRCA2):c.7554G>T (p.Leu2518=),0
CV_4215309,4215309,BRCA2,chr13,32356543,,,NM_000059.4(BRCA2):c.7551T>G (p.Thr2517=),0
CV_4215308,4215308,BRCA2,chr13,32356537,,,NM_000059.4(BRCA2):c.7545A>C (p.Thr2515=),0
CV_4215307,4215307,BRCA2,chr13,32356531,,,NM_000059.4(BRCA2):c.7539A>T (p.Ala2513=),0
CV_4215306,4215306,BRCA2,chr13,32356531,,,NM_000059.4(BRCA2):c.7539A>C (p.Ala2513=),0
CV_4215305,4215305,BRCA2,chr13,32356528,,,NM_000059.4(BRCA2):c.7536T>A (p.Leu2512=),0
CV_4215304,4215304,BRCA2,chr13,32356525,,,NM_000059.4(BRCA2):c.7533T>C (p.Tyr2511=),0
CV_4215303,4215303,BRCA2,chr13,32356522,,,NM_000059.4(BRCA2):c.7530G>T (p.Leu2510=),0
CV_4215301,4215301,BRCA2,chr13,32356507,,,NM_000059.4(BRCA2):c.7515A>T (p.Pro2505=),0
CV_4215300,4215300,BRCA2,chr13,32356507,,,NM_000059.4(BRCA2):c.7515A>C (p.Pro2505=),0
CV_4215299,4215299,BRCA2,chr13,32356477,,,NM_000059.4(BRCA2):c.7485T>A (p.Ile2495=),0
CV_4215298,4215298,BRCA2,chr13,32356462,,,NM_000059.4(BRCA2):c.7470A>T (p.Ile2490=),0
CV_4215297,4215297,BRCA2,chr13,32356462,,,NM_000059.4(BRCA2):c.7470A>C (p.Ile2490=),0
CV_4215296,4215296,BRCA2,chr13,32356454,,,NM_000059.4(BRCA2):c.7462A>C (p.Arg2488=),0
CV_4215295,4215295,BRCA2,chr13,32356444,,,NM_000059.4(BRCA2):c.7452T>G (p.Leu2484=),0
CV_4215294,4215294,BRCA2,chr13,32356444,,,NM_000059.4(BRCA2):c.7452T>A (p.Leu2484=),0
CV_4215293,4215293,BRCA2,chr13,32356438,,,NM_000059.4(BRCA2):c.7446A>C (p.Thr2482=),0
CV_4215284,4215284,BRCA2,chr13,32354955,,,NM_000059.4(BRCA2):c.7102T>C (p.Leu2368=),0
CV_4215262,4215262,BRCA2,chr13,32357894,,,NM_000059.4(BRCA2):c.7770C>A (p.Ser2590=),0
CV_4215260,4215260,BRCA2,chr13,32376785,,,NM_000059.4(BRCA2):c.8748C>T (p.Tyr2916=),0
CV_4215258,4215258,BRCA2,chr13,32363440,,,NM_000059.4(BRCA2):c.8238A>G (p.Thr2746=),0
CV_4215257,4215257,BRCA2,chr13,32362577,,,NM_000059.4(BRCA2):c.7860T>A (p.Val2620=),0
CV_4215249,4215249,BRCA2,chr13,32339923,,,NM_000059.4(BRCA2):c.5568T>C (p.His1856=),0
CV_4215248,4215248,BRCA2,chr13,32363245,,,NM_000059.4(BRCA2):c.8043A>G (p.Thr2681=),0
CV_4215247,4215247,BRCA2,chr13,32379385,,,NM_000059.4(BRCA2):c.8823A>G (p.Gln2941=),0
CV_4215246,4215246,BRCA2,chr13,32371001,,,NM_000059.4(BRCA2):c.8533A>C (p.Arg2845=),0
CV_4215245,4215245,BRCA2,chr13,32394891,,,NM_000059.4(BRCA2):c.9459C>T (p.Gly3153=),0
CV_4215244,4215244,BRCA2,chr13,32362532,,,NM_000059.4(BRCA2):c.7815T>C (p.Cys2605=),0
CV_4215243,4215243,BRCA2,chr13,32362646,,,NM_000059.4(BRCA2):c.7929T>G (p.Ala2643=),0
CV_4215242,4215242,BRCA2,chr13,32363338,,,NM_000059.4(BRCA2):c.8136T>C (p.Asp2712=),0
CV_4215241,4215241,BRCA2,chr13,32332573,,,NM_000059.4(BRCA2):c.1095A>C (p.Pro365=),0
CV_4215240,4215240,BRCA2,chr13,32362676,,,NM_000059.4(BRCA2):c.7959T>A (p.Leu2653=),0
CV_4215239,4215239,BRCA2,chr13,32379802,,,NM_000059.4(BRCA2):c.9006A>G (p.Glu3002=),0
CV_4215238,4215238,BRCA2,chr13,32356576,,,NM_000059.4(BRCA2):c.7584A>G (p.Gly2528=),0
CV_4215237,4215237,BRCA2,chr13,32394789,,,NM_000059.4(BRCA2):c.9357A>G (p.Leu3119=),0
CV_4215235,4215235,BRCA2,chr13,32363272,,,NM_000059.4(BRCA2):c.8070T>G (p.Val2690=),0
CV_4215233,4215233,BRCA2,chr13,32379496,,,NM_000059.4(BRCA2):c.8934A>G (p.Ser2978=),0
CV_4215229,4215229,BRCA2,chr13,32363524,,,NM_000059.4(BRCA2):c.8322T>C (p.Leu2774=),0
CV_4215226,4215226,BRCA2,chr13,32379499,,,NM_000059.4(BRCA2):c.8937A>G (p.Lys2979=),0
CV_4215224,4215224,BRCA2,chr13,32379511,,,NM_000059.4(BRCA2):c.8949T>C (p.Asp2983=),0
CV_4215223,4215223,BRCA2,chr13,32356564,,,NM_000059.4(BRCA2):c.7572A>G (p.Lys2524=),0
CV_4215220,4215220,BRCA2,chr13,32356453,,,NM_000059.4(BRCA2):c.7461C>T (p.Ala2487=),0
CV_4215219,4215219,BRCA2,chr13,32363476,,,NM_000059.4(BRCA2):c.8274G>A (p.Leu2758=),0
CV_4215217,4215217,BRCA2,chr13,32370446,,,NM_000059.4(BRCA2):c.8376T>A (p.Leu2792=),0
CV_4215216,4215216,BRCA2,chr13,32363233,,,NM_000059.4(BRCA2):c.8031A>G (p.Glu2677=),0
CV_4215213,4215213,BRCA2,chr13,32394870,,,NM_000059.4(BRCA2):c.9438T>C (p.Phe3146=),0
CV_4215212,4215212,BRCA2,chr13,32356549,,,NM_000059.4(BRCA2):c.7557T>G (p.Pro2519=),0
CV_4215211,4215211,BRCA2,chr13,32394699,,,NM_000059.4(BRCA2):c.9267T>C (p.Pro3089=),0
CV_4215210,4215210,BRCA2,chr13,32394876,,,NM_000059.4(BRCA2):c.9444T>G (p.Ala3148=),0
CV_4215207,4215207,BRCA2,chr13,32370536,,,NM_000059.4(BRCA2):c.8466T>C (p.Ile2822=),0
CV_4215205,4215205,BRCA2,chr13,32379875,,,NM_000059.4(BRCA2):c.9079T>C (p.Leu3027=),0
CV_4215201,4215201,BRCA2,chr13,32380051,,,NM_000059.4(BRCA2):c.9162C>A (p.Pro3054=),0
CV_4215200,4215200,BRCA2,chr13,32363497,,,NM_000059.4(BRCA2):c.8295T>C (p.Cys2765=),0
CV_4215199,4215199,BRCA2,chr13,32376695,,,NM_000059.4(BRCA2):c.8658A>G (p.Pro2886=),0
CV_4215197,4215197,BRCA2,chr13,32380093,,,NM_000059.4(BRCA2):c.9204T>C (p.Ser3068=),0
CV_4215195,4215195,BRCA2,chr13,32371069,,,NM_000059.4(BRCA2):c.8601T>C (p.Thr2867=),0
CV_4215194,4215194,BRCA2,chr13,32362679,,,NM_000059.4(BRCA2):c.7962T>A (p.Leu2654=),0
CV_4215193,4215193,BRCA2,chr13,32371048,,,NM_000059.4(BRCA2):c.8580G>A (p.Lys2860=),0
CV_4215191,4215191,BRCA2,chr13,32379763,,,NM_000059.4(BRCA2):c.8967T>C (p.Ile2989=),0
CV_4215189,4215189,BRCA2,chr13,32370554,,,NM_000059.4(BRCA2):c.8484A>T (p.Ile2828=),0
CV_4215188,4215188,BRCA2,chr13,32333071,,,NM_000059.4(BRCA2):c.1593A>G (p.Lys531=),0
CV_4215187,4215187,BRCA2,chr13,32362553,,,NM_000059.4(BRCA2):c.7836A>G (p.Pro2612=),0
CV_4215185,4215185,BRCA2,chr13,32394792,,,NM_000059.4(BRCA2):c.9360T>C (p.Ile3120=),0
CV_4215184,4215184,BRCA2,chr13,32339053,,,NM_000059.4(BRCA2):c.4698C>A (p.Thr1566=),0
CV_4215183,4215183,BRCA2,chr13,32396954,,,NM_000059.4(BRCA2):c.9558A>T (p.Ala3186=),0
CV_4215182,4215182,BRCA2,chr13,32394738,,,NM_000059.4(BRCA2):c.9306A>T (p.Ala3102=),0
CV_4215180,4215180,BRCA2,chr13,32380144,,,NM_000059.4(BRCA2):c.9255A>T (p.Thr3085=),0
CV_4215179,4215179,BRCA2,chr13,32376773,,,NM_000059.4(BRCA2):c.8736A>T (p.Ala2912=),0
CV_4215178,4215178,BRCA2,chr13,32376770,,,NM_000059.4(BRCA2):c.8733A>T (p.Ala2911=),0
CV_4215177,4215177,BRCA2,chr13,32376758,,,NM_000059.4(BRCA2):c.8721A>T (p.Ala2907=),0
CV_4215176,4215176,BRCA2,chr13,32376743,,,NM_000059.4(BRCA2):c.8706A>T (p.Ala2902=),0
CV_4215175,4215175,BRCA2,chr13,32376686,,,NM_000059.4(BRCA2):c.8649A>T (p.Pro2883=),0
CV_4215174,4215174,BRCA2,chr13,32376680,,,NM_000059.4(BRCA2):c.8643A>T (p.Thr2881=),0
CV_4215173,4215173,BRCA2,chr13,32376677,,,NM_000059.4(BRCA2):c.8640A>T (p.Thr2880=),0
CV_4215172,4215172,BRCA2,chr13,32371024,,,NM_000059.4(BRCA2):c.8556A>T (p.Ala2852=),0
CV_4215171,4215171,BRCA2,chr13,32370470,,,NM_000059.4(BRCA2):c.8400T>C (p.Pro2800=),0
CV_4215169,4215169,BRCA2,chr13,32362553,,,NM_000059.4(BRCA2):c.7836A>T (p.Pro2612=),0
CV_4215168,4215168,BRCA2,chr13,32362541,,,NM_000059.4(BRCA2):c.7824A>T (p.Pro2608=),0
CV_4215167,4215167,BRCA2,chr13,32357756,,,NM_000059.4(BRCA2):c.7632C>A (p.Gly2544=),0
CV_4215166,4215166,BRCA2,chr13,32356453,,,NM_000059.4(BRCA2):c.7461C>A (p.Ala2487=),0
CV_4215165,4215165,BRCA2,chr13,32379424,,,NM_000059.4(BRCA2):c.8862T>C (p.Ser2954=),0
CV_4215163,4215163,BRCA2,chr13,32356441,,,NM_000059.4(BRCA2):c.7449T>C (p.Ser2483=),0
CV_4215162,4215162,BRCA2,chr13,32363528,,,NM_000059.4(BRCA2):c.8326T>C (p.Leu2776=),0
CV_4215160,4215160,BRCA2,chr13,32394921,,,NM_000059.4(BRCA2):c.9489A>G (p.Lys3163=),0
CV_4215159,4215159,BRCA2,chr13,32332288,,,NM_000059.4(BRCA2):c.810A>G (p.Ser270=),0
CV_4215158,4215158,BRCA2,chr13,32363383,,,NM_000059.4(BRCA2):c.8181T>C (p.Ala2727=),0
CV_4215156,4215156,BRCA2,chr13,32379508,,,NM_000059.4(BRCA2):c.8946A>G (p.Lys2982=),0
CV_4215155,4215155,BRCA2,chr13,32357819,,,NM_000059.4(BRCA2):c.7695A>G (p.Glu2565=),0
CV_4215154,4215154,BRCA2,chr13,32363461,,,NM_000059.4(BRCA2):c.8259T>C (p.Leu2753=),0
CV_4215152,4215152,BRCA2,chr13,32356600,,,NM_000059.4(BRCA2):c.7608T>C (p.Ser2536=),0
CV_4215147,4215147,BRCA2,chr13,32362634,,,NM_000059.4(BRCA2):c.7917T>C (p.Pro2639=),0
CV_4215146,4215146,BRCA2,chr13,32371084,,,NM_000059.4(BRCA2):c.8616A>G (p.Glu2872=),0
CV_4215143,4215143,BRCA2,chr13,32363185,,,NM_000059.4(BRCA2):c.7983T>C (p.Asp2661=),0
CV_4215141,4215141,BRCA2,chr13,32394693,,,NM_000059.4(BRCA2):c.9261T>C (p.Leu3087=),0
CV_4215139,4215139,BRCA2,chr13,32363200,,,NM_000059.4(BRCA2):c.7998A>G (p.Arg2666=),0
CV_4215138,4215138,BRCA2,chr13,32363473,,,NM_000059.4(BRCA2):c.8271A>G (p.Glu2757=),0
CV_4215137,4215137,BRCA2,chr13,32371061,,,NM_000059.4(BRCA2):c.8593T>C (p.Leu2865=),0
CV_4215129,4215129,BRCA1,chr17,43092687,,,NM_007294.4(BRCA1):c.2844A>T (p.Gly948=),0
CV_4215126,4215126,BRCA1,chr17,43092258,,,NM_007294.4(BRCA1):c.3273T>A (p.Pro1091=),0
CV_4215122,4215122,BRCA1,chr17,43093764,,,NM_007294.4(BRCA1):c.1767C>T (p.Ser589=),0
CV_4215119,4215119,BRCA1,chr17,43093758,,,NM_007294.4(BRCA1):c.1773A>T (p.Ile591=),0
CV_4215115,4215115,BRCA1,chr17,43093218,,,NM_007294.4(BRCA1):c.2311_2313delinsCTA (p.Leu771=),0
CV_4215109,4215109,BRCA1,chr17,43093503,,,NM_007294.4(BRCA1):c.2028T>C (p.Thr676=),0
CV_4215101,4215101,BRCA1,chr17,43093218,,,NM_007294.4(BRCA1):c.2313G>A (p.Leu771=),0
CV_4215085,4215085,BRCA1,chr17,43092378,,,NM_007294.4(BRCA1):c.3153T>A (p.Thr1051=),0
CV_4215082,4215082,BRCA1,chr17,43092317,,,NM_007294.4(BRCA1):c.3214C>T (p.Leu1072=),0
CV_4215050,4215050,BRCA1,chr17,43104227,,,NM_007294.4(BRCA1):c.336T>C (p.Asn112=),0
CV_4215043,4215043,BRCA1,chr17,43093077,,,NM_007294.4(BRCA1):c.2454T>C (p.Cys818=),0
CV_4085547,4085547,BRCA1,chr17,43094808,,,NM_007294.4(BRCA1):c.723C>G (p.Pro241=),0
CV_4085318,4085318,BRCA2,chr13,32341081,,,NM_000059.4(BRCA2):c.6726T>C (p.Asp2242=),0
CV_4064539,4064539,CFTR,chr7,117627602,,,NM_000492.4(CFTR):c.3549G>A (p.Lys1183=),0
CV_4064536,4064536,CFTR,chr7,117592288,,,NM_000492.4(CFTR):c.2121T>C (p.Ser707=),0
CV_4064512,4064512,CFTR,chr7,117667108,,,NM_000492.4(CFTR):c.4443G>A (p.Ter1481=),0
CV_4001891,4001891,CFTR,chr7,117592361,,,NM_000492.4(CFTR):c.2194T>C (p.Leu732=),0
CV_4001889,4001889,CFTR,chr7,117548760,,,NM_000492.4(CFTR):c.1329T>C (p.Asp443=),0
CV_4001888,4001888,CFTR,chr7,117590383,,,NM_000492.4(CFTR):c.1710A>G (p.Leu570=),0
CV_4001884,4001884,CFTR,chr7,117559547,,,NM_000492.4(CFTR):c.1476T>C (p.Ser492=),0
CV_4001874,4001874,CFTR,chr7,117592126,,,NM_000492.4(CFTR):c.1959T>C (p.Phe653=),0
CV_4001872,4001872,CFTR,chr7,117559589,,,NM_000492.4(CFTR):c.1518C>T (p.Ile506=),0
CV_4001870,4001870,CFTR,chr7,117535361,,,NM_000492.4(CFTR):c.693A>C (p.Ile231=),0
CV_4001868,4001868,CFTR,chr7,117642557,,,NM_000492.4(CFTR):c.3837G>A (p.Leu1279=),0
CV_4001867,4001867,CFTR,chr7,117611670,,,NM_000492.4(CFTR):c.3229C>T (p.Leu1077=),0
CV_4001865,4001865,CFTR,chr7,117535346,,,NM_000492.4(CFTR):c.678A>G (p.Gly226=),0
CV_4001863,4001863,CFTR,chr7,117587768,,,NM_000492.4(CFTR):c.1614T>C (p.Asn538=),0
CV_4001861,4001861,CFTR,chr7,117610539,,,NM_000492.4(CFTR):c.3009A>T (p.Gly1003=),0
CV_4001850,4001850,CFTR,chr7,117590414,,,NM_000492.4(CFTR):c.1741T>C (p.Leu581=),0
CV_4001849,4001849,CFTR,chr7,117592264,,,NM_000492.4(CFTR):c.2097T>C (p.Asn699=),0
CV_4001848,4001848,CFTR,chr7,117540286,,,NM_000492.4(CFTR):c.1056G>A (p.Arg352=),0
CV_4001847,4001847,CFTR,chr7,117540244,,,NM_000492.4(CFTR):c.1014C>T (p.Thr338=),0
CV_4001845,4001845,CFTR,chr7,117509076,,,NM_000492.4(CFTR):c.207C>T (p.Leu69=),0
CV_4001841,4001841,CFTR,chr7,117592054,,,NM_000492.4(CFTR):c.1887A>G (p.Thr629=),0
CV_4001840,4001840,CFTR,chr7,117664790,,,NM_000492.4(CFTR):c.4066T>C (p.Leu1356=),0
CV_4001835,4001835,CFTR,chr7,117603718,,,NM_000492.4(CFTR):c.2844A>G (p.Leu948=),0
CV_4001831,4001831,CFTR,chr7,117531045,,,NM_000492.4(CFTR):c.420A>G (p.Pro140=),0
CV_4001829,4001829,CFTR,chr7,117667102,,,NM_000492.4(CFTR):c.4437G>A (p.Arg1479=),0
CV_4001828,4001828,CFTR,chr7,117540331,,,NM_000492.4(CFTR):c.1101A>C (p.Ala367=),0
CV_4001826,4001826,CFTR,chr7,117536644,,,NM_000492.4(CFTR):c.840A>G (p.Ala280=),0
CV_4001821,4001821,CFTR,chr7,117610605,,,NM_000492.4(CFTR):c.3075T>C (p.Ala1025=),0
CV_4001820,4001820,CFTR,chr7,117480127,,,NM_000492.4(CFTR):c.33T>A (p.Val11=),0
CV_4001797,4001797,CFTR,chr7,117530940,,,NM_000492.4(CFTR):c.315C>T (p.Ile105=),0
CV_4001796,4001796,CFTR,chr7,117610665,,,NM_000492.4(CFTR):c.3135T>G (p.Ser1045=),0
CV_3992880,3992880,BRCA2,chr13,32379430,,,NM_000059.4(BRCA2):c.8868A>G (p.Glu2956=),0
CV_3992876,3992876,BRCA2,chr13,32397002,,,NM_000059.4(BRCA2):c.9606G>T (p.Pro3202=),0
CV_3992875,3992875,BRCA2,chr13,32357915,,,NM_000059.4(BRCA2):c.7791A>G (p.Lys2597=),0
CV_3992872,3992872,BRCA2,chr13,32363503,,,NM_000059.4(BRCA2):c.8301T>A (p.Pro2767=),0
CV_3992870,3992870,BRCA2,chr13,32354966,,,NM_000059.4(BRCA2):c.7113T>G (p.Ser2371=),0
CV_3992869,3992869,BRCA2,chr13,32341183,,,NM_000059.4(BRCA2):c.6828C>G (p.Pro2276=),0
CV_3992865,3992865,BRCA2,chr13,32380036,,,NM_000059.4(BRCA2):c.9147C>T (p.Tyr3049=),0
CV_3992860,3992860,BRCA2,chr13,32356567,,,NM_000059.4(BRCA2):c.7575A>G (p.Ala2525=),0
CV_3992842,3992842,BRCA2,chr13,32339029,,,NM_000059.4(BRCA2):c.4674T>C (p.Ser1558=),0
CV_3992840,3992840,BRCA2,chr13,32333380,,,NM_000059.4(BRCA2):c.1902T>G (p.Ala634=),0
CV_3992838,3992838,BRCA2,chr13,32394747,,,NM_000059.4(BRCA2):c.9315T>C (p.Phe3105=),0
CV_3992837,3992837,BRCA2,chr13,32326510,,,NM_000059.4(BRCA2):c.528A>T (p.Thr176=),0
CV_3992830,3992830,BRCA2,chr13,32338633,,,NM_000059.4(BRCA2):c.4278A>C (p.Thr1426=),0
CV_3992827,3992827,BRCA2,chr13,32355119,,,NM_000059.4(BRCA2):c.7266T>C (p.Cys2422=),0
CV_3992824,3992824,BRCA2,chr13,32332825,,,NM_000059.4(BRCA2):c.1347T>A (p.Ile449=),0
CV_3992818,3992818,BRCA2,chr13,32336479,,,NM_000059.4(BRCA2):c.2124T>C (p.Ser708=),0
CV_3992815,3992815,BRCA2,chr13,32340769,,,NM_000059.4(BRCA2):c.6414T>A (p.Val2138=),0
CV_3992813,3992813,BRCA2,chr13,32339917,,,NM_000059.4(BRCA2):c.5562T>G (p.Val1854=),0
CV_3992812,3992812,BRCA2,chr13,32336863,,,NM_000059.4(BRCA2):c.2508T>A (p.Pro836=),0
CV_3992791,3992791,BRCA2,chr13,32316466,,,NM_000059.4(BRCA2):c.6T>G (p.Pro2=),0
CV_3992770,3992770,BRCA2,chr13,32398476,,,NM_000059.4(BRCA2):c.9963G>A (p.Gln3321=),0
CV_3992754,3992754,BRCA2,chr13,32319270,,,NM_000059.4(BRCA2):c.261T>C (p.Thr87=),0
CV_3992752,3992752,BRCA2,chr13,32340736,,,NM_000059.4(BRCA2):c.6381T>C (p.Ser2127=),0
CV_3992713,3992713,BRCA2,chr13,32326243,,,NM_000059.4(BRCA2):c.477G>T (p.Val159=),0
CV_3992693,3992693,BRCA2,chr13,32370428,,,NM_000059.4(BRCA2):c.8358T>C (p.Ala2786=),0
CV_3992692,3992692,BRCA2,chr13,32332492,,,NM_000059.4(BRCA2):c.1014T>C (p.Ala338=),0
CV_3992690,3992690,BRCA2,chr13,32338462,,,NM_000059.4(BRCA2):c.4107T>C (p.Ser1369=),0
CV_3992683,3992683,BRCA2,chr13,32336794,,,NM_000059.4(BRCA2):c.2439T>A (p.Ile813=),0
CV_3992678,3992678,BRCA2,chr13,32336944,,,NM_000059.4(BRCA2):c.2589T>C (p.Asn863=),0
CV_3992672,3992672,BRCA2,chr13,32337037,,,NM_000059.4(BRCA2):c.2682A>G (p.Val894=),0
CV_3992639,3992639,BRCA1,chr17,43092054,,,NM_007294.4(BRCA1):c.3477A>T (p.Ile1159=),0
CV_3992628,3992628,BRCA1,chr17,43082471,,,NM_007294.4(BRCA1):c.4290T>G (p.Pro1430=),0
CV_3992627,3992627,BRCA1,chr17,43094265,,,NM_007294.4(BRCA1):c.1266T>C (p.Tyr422=),0
CV_3992618,3992618,BRCA1,chr17,43094808,,,NM_007294.4(BRCA1):c.723C>A (p.Pro241=),0
CV_3992614,3992614,BRCA1,chr17,43092561,,,NM_007294.4(BRCA1):c.2970T>C (p.Val990=),0
CV_3992612,3992612,BRCA1,chr17,43091883,,,NM_007294.4(BRCA1):c.3648A>G (p.Leu1216=),0
CV_3992611,3992611,BRCA1,chr17,43093485,,,NM_007294.4(BRCA1):c.2046C>T (p.Asn682=),0
CV_3992605,3992605,LOC126862571,chr17,43092054,,,NM_007294.4(BRCA1):c.3477A>C (p.Ile1159=),0
CV_3992604,3992604,BRCA1,chr17,43094292,,,NM_007294.4(BRCA1):c.1239G>A (p.Leu413=),0
CV_3992601,3992601,BRCA1,chr17,43074515,,,NM_007294.4(BRCA1):c.4491C>A (p.Ser1497=),0
CV_3992592,3992592,BRCA1,chr17,43093416,,,NM_007294.4(BRCA1):c.2115A>C (p.Ala705=),0
CV_3912006,3912006,CFTR,chr7,117480145,,,NM_000492.4(CFTR):c.51C>T (p.Phe17=),0
CV_3907065,3907065,BRCA1,chr17,43092846,,,NM_007294.4(BRCA1):c.2685A>G (p.Gln895=),0
CV_3900119,3900119,BRCA2,chr13,32326522,,,NM_000059.4(BRCA2):c.540T>A (p.Ile180=),0
CV_3898584,3898584,MAPT,chr17,45983329,,,NM_001377265.1(MAPT):c.750T>G (p.Pro250=),0
CV_3895900,3895900,BRCA2,chr13,32332633,,,NM_000059.4(BRCA2):c.1155G>A (p.Lys385=),0
CV_3895877,3895877,BRCA2,chr13,32339062,,,NM_000059.4(BRCA2):c.4707C>T (p.Tyr1569=),0
CV_3895768,3895768,CFTR,chr7,117611591,,,NM_000492.4(CFTR):c.3150A>G (p.Pro1050=),0
CV_3894460,3894460,BRCA2,chr13,32363476,,,NM_000059.4(BRCA2):c.8274G>T (p.Leu2758=),0
CV_3894449,3894449,BRCA2,chr13,32333059,,,NM_000059.4(BRCA2):c.1581A>T (p.Pro527=),0
CV_3894284,3894284,BRCA2,chr13,32332402,,,NM_000059.4(BRCA2):c.924T>C (p.Phe308=),0
CV_3894249,3894249,BRCA2,chr13,32319279,,,NM_000059.4(BRCA2):c.270G>C (p.Leu90=),0
CV_3894211,3894211,BRCA1,chr17,43071156,,,NM_007294.4(BRCA1):c.4758G>A (p.Glu1586=),0
CV_3894195,3894195,BRCA2,chr13,32339605,,,NM_000059.4(BRCA2):c.5250C>T (p.Ser1750=),0
CV_3893921,3893921,BRCA1,chr17,43093347,,,NM_007294.4(BRCA1):c.2184A>G (p.Arg728=),0
CV_3893786,3893786,BRCA1,chr17,43092573,,,NM_007294.4(BRCA1):c.2958C>T (p.Ile986=),0
CV_3893005,3893005,BRCA1,chr17,43093098,,,NM_007294.4(BRCA1):c.2433C>G (p.Pro811=),0
CV_3832611,3832611,CFTR,chr7,117509139,,,NM_000492.4(CFTR):c.270A>G (p.Leu90=),0
CV_3832610,3832610,CFTR,chr7,117536665,,,NM_000492.4(CFTR):c.861C>T (p.Asn287=),0
CV_3832609,3832609,CFTR,chr7,117642590,,,NM_000492.4(CFTR):c.3870A>T (p.Pro1290=),0
CV_3832606,3832606,CFTR,chr7,117606726,,,NM_000492.4(CFTR):c.2961G>T (p.Leu987=),0
CV_3832605,3832605,CFTR,chr7,117540220,,,NM_000492.4(CFTR):c.990A>G (p.Gly330=),0
CV_3832600,3832600,CFTR,chr7,117667051,,,NM_000492.4(CFTR):c.4386C>T (p.Pro1462=),0
CV_3832598,3832598,LOC111674472,chr7,117611693,,,NM_000492.4(CFTR):c.3252A>G (p.Leu1084=),0
CV_3832596,3832596,CFTR,chr7,117548791,,,NM_000492.4(CFTR):c.1360T>C (p.Leu454=),0
CV_3832592,3832592,CFTR,chr7,117548712,,,NM_000492.4(CFTR):c.1281C>T (p.Ser427=),0
CV_3832591,3832591,CFTR,chr7,117611651,,,NM_000492.4(CFTR):c.3210G>T (p.Arg1070=),0
CV_3832590,3832590,CFTR,chr7,117531015,,,NM_000492.4(CFTR):c.390C>T (p.Leu130=),0
CV_3832580,3832580,CFTR,chr7,117548751,,,NM_000492.4(CFTR):c.1320C>T (p.Val440=),0
CV_3832575,3832575,CFTR,chr7,117536584,,,NM_000492.4(CFTR):c.780G>T (p.Val260=),0
CV_3832574,3832574,CFTR,chr7,117611642,,,NM_000492.4(CFTR):c.3201C>T (p.Ala1067=),0
CV_3832573,3832573,CFTR,chr7,117548817,,,NM_000492.4(CFTR):c.1386A>C (p.Ala462=),0
CV_3832572,3832572,CFTR,chr7,117603622,,,NM_000492.4(CFTR):c.2748T>C (p.Phe916=),0
CV_3832563,3832563,CFTR,chr7,117611795,,,NM_000492.4(CFTR):c.3354C>T (p.Ser1118=),0
CV_3832560,3832560,CFTR,chr7,117509044,,,NM_000492.4(CFTR):c.175A>C (p.Arg59=),0
CV_3832559,3832559,CFTR,chr7,117592405,,,NM_000492.4(CFTR):c.2238G>A (p.Glu746=),0
CV_3832558,3832558,CFTR,chr7,117594974,,,NM_000492.4(CFTR):c.2535A>C (p.Thr845=),0
CV_3832539,3832539,CFTR,chr7,117627539,,,NM_000492.4(CFTR):c.3486A>G (p.Arg1162=),0
CV_3825481,3825481,BRCA2,chr13,32338627,,,NM_000059.4(BRCA2):c.4272T>G (p.Ser1424=),0
CV_3825480,3825480,BRCA2,chr13,32394924,,,NM_000059.4(BRCA2):c.9492T>C (p.Asn3164=),0
CV_3825479,3825479,BRCA2,chr13,32340649,,,NM_000059.4(BRCA2):c.6294T>A (p.Ser2098=),0
CV_3825478,3825478,BRCA2,chr13,32336320,,,NM_000059.4(BRCA2):c.1965A>T (p.Pro655=),0
CV_3825472,3825472,BRCA2,chr13,32336416,,,NM_000059.4(BRCA2):c.2061T>C (p.Asp687=),0
CV_3825470,3825470,BRCA2,chr13,32339725,,,NM_000059.4(BRCA2):c.5370A>G (p.Val1790=),0
CV_3825468,3825468,BRCA2,chr13,32339476,,,NM_000059.4(BRCA2):c.5121T>A (p.Thr1707=),0
CV_3825463,3825463,BRCA2,chr13,32330978,,,NM_000059.4(BRCA2):c.741C>A (p.Ile247=),0
CV_3825461,3825461,BRCA2,chr13,32340391,,,NM_000059.4(BRCA2):c.6036C>G (p.Ser2012=),0
CV_3825451,3825451,BRCA2,chr13,32337103,,,NM_000059.4(BRCA2):c.2748T>C (p.Cys916=),0
CV_3825428,3825428,BRCA2,chr13,32363362,,,NM_000059.4(BRCA2):c.8160A>G (p.Glu2720=),0
CV_3825422,3825422,BRCA2,chr13,32394690,,,NM_000059.4(BRCA2):c.9258A>T (p.Gly3086=),0
CV_3825421,3825421,BRCA2,chr13,32338990,,,NM_000059.4(BRCA2):c.4635T>A (p.Leu1545=),0
CV_3825414,3825414,BRCA2,chr13,32333326,,,NM_000059.4(BRCA2):c.1848T>C (p.Cys616=),0
CV_3825317,3825317,LOC126862571,chr17,43091952,,,NM_007294.4(BRCA1):c.3579C>T (p.Phe1193=),0
CV_3825287,3825287,BRCA1,chr17,43092834,,,NM_007294.4(BRCA1):c.2697C>G (p.Val899=),0
CV_3825283,3825283,BRCA1,chr17,43071177,,,NM_007294.4(BRCA1):c.4737T>A (p.Pro1579=),0
CV_3825261,3825261,BRCA1,chr17,43104158,,,NM_007294.4(BRCA1):c.405A>G (p.Lys135=),0
CV_3825255,3825255,BRCA1,chr17,43093305,,,NM_007294.4(BRCA1):c.2226T>C (p.Asn742=),0
CV_3779421,3779421,BRCA2,chr13,32337826,,,NM_000059.4(BRCA2):c.3471G>A (p.Glu1157=),0
CV_3779419,3779419,BRCA2,chr13,32332480,,,NM_000059.4(BRCA2):c.1002T>C (p.His334=),0
CV_3779406,3779406,BRCA1,chr17,43092927,,,NM_007294.4(BRCA1):c.2604A>T (p.Ser868=),0
CV_3778943,3778943,BRCA2,chr13,32331005,,,NM_000059.4(BRCA2):c.768A>T (p.Thr256=),0
CV_3778937,3778937,BRCA2,chr13,32338069,,,NM_000059.4(BRCA2):c.3714G>C (p.Val1238=),0
CV_3778933,3778933,BRCA2,chr13,32336860,,,NM_000059.4(BRCA2):c.2505A>G (p.Pro835=),0
CV_3778932,3778932,BRCA2,chr13,32336714,,,NM_000059.4(BRCA2):c.2359A>C (p.Arg787=),0
CV_3778919,3778919,BRCA1,chr17,43099812,,,NM_007294.4(BRCA1):c.510G>C (p.Arg170=),0
CV_3778915,3778915,BRCA1,chr17,43092102,,,NM_007294.4(BRCA1):c.3429T>G (p.Ser1143=),0
CV_3774477,3774477,BRCA2,chr13,32339683,,,NM_000059.4(BRCA2):c.5328G>A (p.Leu1776=),0
CV_3774427,3774427,BRCA2,chr13,32339530,,,NM_000059.4(BRCA2):c.5175T>A (p.Ala1725=),0
CV_3769269,3769269,BRCA2,chr13,32337703,,,NM_000059.4(BRCA2):c.3348T>G (p.Thr1116=),0
CV_3769158,3769158,BRCA2,chr13,32339635,,,NM_000059.4(BRCA2):c.5280A>C (p.Ser1760=),0
CV_3730280,3730280,BRCA2,chr13,32340661,,,NM_000059.4(BRCA2):c.6306A>T (p.Val2102=),0
CV_3729697,3729697,BRCA1,chr17,43082525,,,NM_007294.4(BRCA1):c.4236T>C (p.Ala1412=),0
CV_3728085,3728085,BRCA1,chr17,43095856,,,NM_007294.4(BRCA1):c.660T>A (p.Ser220=),0
CV_3728016,3728016,CFTR,chr7,117664846,,,NM_000492.4(CFTR):c.4122T>C (p.Ala1374=),0
CV_3727941,3727941,BRCA2,chr13,32340091,,,NM_000059.4(BRCA2):c.5736A>G (p.Glu1912=),0
CV_3727642,3727642,BRCA2,chr13,32394915,,,NM_000059.4(BRCA2):c.9483A>G (p.Lys3161=),0
CV_3727565,3727565,BRCA1,chr17,43104125,,,NM_007294.4(BRCA1):c.438C>G (p.Ser146=),0
CV_3727441,3727441,LOC126862571,chr17,43091778,,,NM_007294.4(BRCA1):c.3753T>C (p.Cys1251=),0
CV_3727286,3727286,BRCA2,chr13,32338054,,,NM_000059.4(BRCA2):c.3699T>A (p.Ala1233=),0
CV_3725760,3725760,BRCA1,chr17,43092822,,,NM_007294.4(BRCA1):c.2709T>C (p.Cys903=),0
CV_3725456,3725456,BRCA2,chr13,32338927,,,NM_000059.4(BRCA2):c.4572T>C (p.Phe1524=),0
CV_3724849,3724849,BRCA1,chr17,43091001,,,NM_007294.4(BRCA1):c.4128A>C (p.Thr1376=),0
CV_3722828,3722828,BRCA2,chr13,32357783,,,NM_000059.4(BRCA2):c.7659C>T (p.Asn2553=),0
CV_3722502,3722502,BRCA2,chr13,32338747,,,NM_000059.4(BRCA2):c.4392T>C (p.Ser1464=),0
CV_3722500,3722500,BRCA2,chr13,32398677,,,NM_000059.4(BRCA2):c.10164A>C (p.Thr3388=),0
CV_3721991,3721991,BRCA2,chr13,32330957,,,NM_000059.4(BRCA2):c.720G>A (p.Leu240=),0
CV_3721973,3721973,BRCA2,chr13,32394927,,,NM_000059.4(BRCA2):c.9495T>C (p.Thr3165=),0
CV_3721435,3721435,BRCA2,chr13,32332853,,,NM_000059.4(BRCA2):c.1375T>C (p.Leu459=),0
CV_3717028,3717028,BRCA1,chr17,43099851,,,NM_007294.4(BRCA1):c.471T>C (p.Ser157=),0
CV_3713202,3713202,MAPT,chr17,45971905,,,NM_001377265.1(MAPT):c.180C>A (p.Gly60=),0
CV_3712792,3712792,CFTR,chr7,117642470,,,NM_000492.4(CFTR):c.3750G>A (p.Lys1250=),0
CV_3709110,3709110,BRCA2,chr13,32354981,,,NM_000059.4(BRCA2):c.7128A>G (p.Ala2376=),0
CV_3707677,3707677,CFTR,chr7,117603748,,,NM_000492.4(CFTR):c.2874A>G (p.Gln958=),0
CV_3706687,3706687,CFTR,chr7,117664699,,,NM_000492.4(CFTR):c.3975A>G (p.Arg1325=),0
CV_3705554,3705554,MAPT,chr17,45978430,,,NM_001377265.1(MAPT):c.276C>T (p.His92=),0
CV_3704559,3704559,BRCA2,chr13,32370470,,,NM_000059.4(BRCA2):c.8400T>A (p.Pro2800=),0
CV_3704321,3704321,BRCA1,chr17,43092732,,,NM_007294.4(BRCA1):c.2799T>C (p.Gly933=),0
CV_3701507,3701507,BRCA2,chr13,32338369,,,NM_000059.4(BRCA2):c.4014C>G (p.Gly1338=),0
CV_3699297,3699297,BRCA2,chr13,32319079,,,NM_000059.4(BRCA2):c.70T>C (p.Leu24=),0
CV_3698225,3698225,BRCA1,chr17,43094367,,,NM_007294.4(BRCA1):c.1164A>G (p.Arg388=),0
CV_3696400,3696400,BRCA1,chr17,43071075,,,NM_007294.4(BRCA1):c.4839T>C (p.Ser1613=),0
CV_3696322,3696322,BRCA1,chr17,43091913,,,NM_007294.4(BRCA1):c.3618C>T (p.Ala1206=),0
CV_3692813,3692813,BRCA1,chr17,43092075,,,NM_007294.4(BRCA1):c.3456C>T (p.Asp1152=),0
CV_3692372,3692372,PAH,chr12,102855212,,,NM_000277.3(PAH):c.630T>C (p.Phe210=),0
CV_3689930,3689930,BRCA1,chr17,43099785,,,NM_007294.4(BRCA1):c.537C>T (p.Tyr179=),0
CV_3689465,3689465,CFTR,chr7,117548805,,,NM_000492.4(CFTR):c.1374A>G (p.Gly458=),0
CV_3686787,3686787,LOC126862571,chr17,43091496,,,NM_007294.4(BRCA1):c.4035A>G (p.Glu1345=),0
CV_3684486,3684486,BRCA1,chr17,43091438,,,NM_007294.4(BRCA1):c.4093T>C (p.Leu1365=),0
CV_3683567,3683567,BRCA1,chr17,43082522,,,NM_007294.4(BRCA1):c.4239A>G (p.Glu1413=),0
CV_3679756,3679756,BRCA2,chr13,32332801,,,NM_000059.4(BRCA2):c.1323T>G (p.Thr441=),0
CV_3676718,3676718,BRCA2,chr13,32340574,,,NM_000059.4(BRCA2):c.6219A>G (p.Leu2073=),0
CV_3675236,3675236,BRCA2,chr13,32336533,,,NM_000059.4(BRCA2):c.2178T>G (p.Val726=),0
CV_3674484,3674484,BRCA2,chr13,32394690,,,NM_000059.4(BRCA2):c.9258A>G (p.Gly3086=),0
CV_3671298,3671298,BRCA2,chr13,32379481,,,NM_000059.4(BRCA2):c.8919T>C (p.Arg2973=),0
CV_3670204,3670204,BRCA1,chr17,43104131,,,NM_007294.4(BRCA1):c.432T>C (p.Asn144=),0
CV_3669829,3669829,BRCA2,chr13,32356456,,,NM_000059.4(BRCA2):c.7464A>G (p.Arg2488=),0
CV_3668357,3668357,BRCA2,chr13,32333026,,,NM_000059.4(BRCA2):c.1548C>T (p.Phe516=),0
CV_3667820,3667820,BRCA1,chr17,43095853,,,NM_007294.4(BRCA1):c.663A>C (p.Ala221=),0
CV_3666365,3666365,BRCA2,chr13,32379835,,,NM_000059.4(BRCA2):c.9039T>C (p.Thr3013=),0
CV_3665301,3665301,BRCA1,chr17,43093143,,,NM_007294.4(BRCA1):c.2388A>G (p.Thr796=),0
CV_3663779,3663779,BRCA2,chr13,32326110,,,NM_000059.4(BRCA2):c.435T>C (p.Val145=),0
CV_3662414,3662414,BRCA1,chr17,43093080,,,NM_007294.4(BRCA1):c.2451T>C (p.Gly817=),0
CV_3661314,3661314,BRCA2,chr13,32339146,,,NM_000059.4(BRCA2):c.4791T>G (p.Ser1597=),0
CV_3660933,3660933,BRCA1,chr17,43104149,,,NM_007294.4(BRCA1):c.414A>C (p.Leu138=),0
CV_3660924,3660924,BRCA2,chr13,32376782,,,NM_000059.4(BRCA2):c.8745T>C (p.Ala2915=),0
CV_3660569,3660569,BRCA1,chr17,43104239,,,NM_007294.4(BRCA1):c.324A>G (p.Ala108=),0
CV_3660565,3660565,BRCA2,chr13,32336974,,,NM_000059.4(BRCA2):c.2619A>T (p.Ile873=),0
CV_3660292,3660292,BRCA2,chr13,32336266,,,NM_000059.4(BRCA2):c.1911T>A (p.Gly637=),0
CV_3659866,3659866,BRCA1,chr17,43104257,,,NM_007294.4(BRCA1):c.306A>G (p.Ala102=),0
CV_3659862,3659862,BRCA1,chr17,43071063,,,NM_007294.4(BRCA1):c.4851T>A (p.Ala1617=),0
CV_3659588,3659588,BRCA2,chr13,32339524,,,NM_000059.4(BRCA2):c.5169T>G (p.Thr1723=),0
CV_3659065,3659065,BRCA2,chr13,32336608,,,NM_000059.4(BRCA2):c.2253T>A (p.Thr751=),0
CV_3658262,3658262,BRCA1,chr17,43099812,,,NM_007294.4(BRCA1):c.510G>A (p.Arg170=),0
CV_3658244,3658244,BRCA2,chr13,32341039,,,NM_000059.4(BRCA2):c.6684A>G (p.Val2228=),0
CV_3657938,3657938,PAH,chr12,102912884,,,NM_000277.3(PAH):c.75T>A (p.Ile25=),0
CV_3657919,3657919,BRCA2,chr13,32325140,,,NM_000059.4(BRCA2):c.381A>T (p.Ala127=),0
CV_3657857,3657857,CFTR,chr7,117559481,,,NM_000492.4(CFTR):c.1410G>T (p.Val470=),0
CV_3657747,3657747,BRCA2,chr13,32376701,,,NM_000059.4(BRCA2):c.8664T>G (p.Arg2888=),0
CV_3657594,3657594,BRCA1,chr17,43074404,,,NM_007294.4(BRCA1):c.4602G>A (p.Val1534=),0
CV_3657538,3657538,BRCA2,chr13,32337634,,,NM_000059.4(BRCA2):c.3279C>G (p.Ser1093=),0
CV_3657021,3657021,BRCA2,chr13,32394732,,,NM_000059.4(BRCA2):c.9300A>G (p.Leu3100=),0
CV_3657018,3657018,BRCA2,chr13,32397029,,,NM_000059.4(BRCA2):c.9633A>T (p.Thr3211=),0
CV_3656216,3656216,BRCA1,chr17,43093977,,,NM_007294.4(BRCA1):c.1554C>T (p.Ile518=),0
CV_3656076,3656076,BRCA2,chr13,32340199,,,NM_000059.4(BRCA2):c.5844T>C (p.Cys1948=),0
CV_3656020,3656020,CFTR,chr7,117594953,,,NM_000492.4(CFTR):c.2514G>A (p.Glu838=),0
CV_3655851,3655851,BRCA2,chr13,32338105,,,NM_000059.4(BRCA2):c.3750A>G (p.Glu1250=),0
CV_3655752,3655752,BRCA2,chr13,32337199,,,NM_000059.4(BRCA2):c.2844T>G (p.Val948=),0
CV_3655009,3655009,BRCA2,chr13,32338660,,,NM_000059.4(BRCA2):c.4305T>C (p.Asn1435=),0
CV_3654745,3654745,BRCA2,chr13,32356432,,,NM_000059.4(BRCA2):c.7440A>G (p.Leu2480=),0
CV_3653846,3653846,BRCA2,chr13,32394873,,,NM_000059.4(BRCA2):c.9441T>C (p.Ser3147=),0
CV_3653440,3653440,BRCA1,chr17,43093590,,,NM_007294.4(BRCA1):c.1941T>C (p.Ser647=),0
CV_3652471,3652471,BRCA2,chr13,32333068,,,NM_000059.4(BRCA2):c.1590A>G (p.Lys530=),0
CV_3652309,3652309,BRCA2,chr13,32363410,,,NM_000059.4(BRCA2):c.8208C>T (p.Leu2736=),0
CV_3651995,3651995,BRCA2,chr13,32332801,,,NM_000059.4(BRCA2):c.1323T>C (p.Thr441=),0
CV_3651789,3651789,BRCA2,chr13,32330930,,,NM_000059.4(BRCA2):c.693C>T (p.Ser231=),0
CV_3651422,3651422,BRCA2,chr13,32357906,,,NM_000059.4(BRCA2):c.7782G>A (p.Lys2594=),0
CV_3650790,3650790,BRCA2,chr13,32336288,,,NM_000059.4(BRCA2):c.1933A>C (p.Arg645=),0
CV_3650235,3650235,BRCA2,chr13,32336362,,,NM_000059.4(BRCA2):c.2007A>G (p.Lys669=),0
CV_3650171,3650171,LOC126862571,chr17,43092183,,,NM_007294.4(BRCA1):c.3348A>C (p.Val1116=),0
CV_3649893,3649893,BRCA1,chr17,43092582,,,NM_007294.4(BRCA1):c.2949T>C (p.Leu983=),0
CV_3649058,3649058,BRCA2,chr13,32344604,,,NM_000059.4(BRCA2):c.6888A>T (p.Ile2296=),0
